"","Ticker","Setor","Dív. líquida/EBIT","EV/EBIT","Giro ativos","Liq. corrente","LPA","M. Bruta","M. EBIT","M. Líquida","P/Ativo","P/Ativo Circ. Liq.","P/Cap. Giro","P/EBIT","P/L","P/SR","P/VP","Passivos/Ativos","PEG Ratio","PL/Ativos","ROA","ROE","ROIC","VPA"
"1","AALR3","Serv.Méd.Hospit..Análises e Diagnósticos",7.38,32.71,0.45,0.83,-0.05,31.33,7.76,-0.49,0.88,-1.09,-22.28,25.33,-397.04,1.97,1.85,0.52,4.21,0.48,-0.22,-0.47,4.41,10.22
"2","ABEV3","Cervejas e Refrigerantes",-0.91,12.59,0.53,0.99,0.8,51.05,23.29,17.39,1.65,-2.28,-954.16,13.46,18.02,3.13,2.72,0.39,1.59,0.61,9.14,15.08,18.74,5.34
"3","AERI3","Máq. e Equip. Industriais",2.72,21.74,0.81,2.8,0.09,11.54,8.36,2.78,1.28,-3.59,3.1,19.05,57.25,1.59,3.96,0.68,-1.47,0.32,2.24,6.92,8.06,1.3
"4","AESB3","Energia Elétrica",43.81,97.79,0.1,1.29,0.91,16.81,8.41,36.44,0.47,-0.59,10.57,54.08,12.48,4.55,1.38,0.66,1.91342036553525,0.34,3.76,11.05,-4.65,8.2
"5","AFLT3","Energia Elétrica",-0.17,5.49,0.44,5.86,1.58,88.64,85.8,82.95,2.11,-2.71,11.57,5.65,5.85,4.85,2.36,0.1,0.01,0.9,36.17,40.32,39.86,3.92
"6","AGRO3","Agricultura",-0.56,15.45,0.26,3.04,4.16,27.33,21.57,45.98,0.89,-1.74,2.69,16.09,7.55,3.47,1.31,0.32,0.03,0.68,11.72,17.36,5.41,23.95
"7","AGXY3","Agricultura",-8.1,-30.49,0.57,1.11,0,6.94,-2.02,0.02,0.26,-1.28,3.22,-22.39,14.1330729166667,0.45,1.19,0.78,1.91342036553525,0.22,0.01,0.05,-3.43,8.63
"8","AHEB3","Produção de Eventos e Shows",0.53,-4.99,0.55,0.96,-8.73,28.13,-24.82,-42.95,0.75,-1.08,-53.36,-5.45,-3.15,1.35,-3.32,1.23,-0.01,-0.23,-23.8,-105.53,60.99,-8.28
"9","ALLD3","Eletrodomésticos",-0.83,2.48,1.27,1.37,3.09,14.08,7.1,5.02,0.3,-1.13,1.48,3.3,4.67,0.23,0.89,0.67,0.06,0.33,6.36,19.07,20.12,16.22
"10","ALPA3","Calçados",-0.76,23.61,0.49,0.75,1.01,49.55,15.68,17.46,1.81,-3.03,-13.64,23.5,21.1,3.68,4.2,0.57,0.05,0.43,8.59,19.89,15.86,5.08
"11","ALPK3","Serviços Diversos",-39.18,-67.25,0.32,0.4,-1.04,24.78,-3.88,-26.75,0.35,-0.39,-2.15,-27.47,-3.98,1.07,1.58,0.78,-0.13,0.22,-8.67,-39.74,-1.81,2.62
"12","ALSO3","Exploração de Imóveis",-2.54,8.87,0.08,2.44,1.03,67.92,52.26,29.31,0.5,-0.6,5.35,11.43,20.38,5.97,0.72,0.3,0.33,0.7,2.47,3.52,6,29.39
"13","ALUP11","Energia Elétrica",2.16,4.13,0.2,1.8,3.81,73.26,72.22,21.31,0.29,-0.35,3.81,1.97,6.68,1.42,0.74,0.61,0.36,0.39,4.34,11.15,15.12,34.13
"14","ALUP3","Energia Elétrica",2.16,4.13,0.2,1.8,1.27,73.26,72.22,21.31,0.29,-0.35,3.83,1.98,6.7,1.43,0.75,0.61,0.36,0.39,4.34,11.15,15.12,11.38
"15","AMAR3","Tecidos. Vestuário e Calçados",250.05,446.35,0.74,1.24,-0.21,46.77,0.19,-2.84,0.28,-0.57,2.72,196.29,-13.14,0.37,0.94,0.71,1.91342036553525,0.29,-2.1,-7.18,-3.1,2.92
"16","AMBP3","Água e Saneamento",5.7,17.62,0.39,1.67,1.28,21.74,17.15,7.52,0.8,-1.16,6.47,11.86,27.03,2.03,2.99,0.73,0.12,0.27,2.97,11.05,6.92,11.55
"17","AMER3","Produtos Diversos",7.15,40.88,0.51,1.64,0.6,29.79,3.33,2.4,0.57,-1.13,2.98,33.76,46.94,1.12,1.6,0.64,-0.13,0.36,1.22,3.42,0.69,17.54
"18","ANIM3","Serviços Educacionais",16.16,25.29,0.27,1.06,-0.22,52.85,10.61,-3.31,0.26,-0.3,33.23,9.08,-29.12,0.96,1.06,0.76,-0.26,0.24,-0.89,-3.63,3.08,5.97
"19","APER3","Corretoras de Seguros",-11.25,37.39,0.28,1.56,0.39,100,5.06,3.02,0.68,-0.91,7.46,48.59,81.43,2.46,1.22,0.44,-0.11,0.56,0.84,1.5,2.04,25.85
"20","APTI3","Agricultura",0.61,-1.13,0.05,4.67,-688.52,100,-105.73,-53.03,0.01,-0.01,0.02,-0.14,-0.29,0.15,0.02,0.54,0,0.46,-2.54,-5.51,-14.51,7.22925064599483
"21","ARML3","Máq. e Equip. Industriais",1.88,47.29,0.12,6.09,0.17,48.2,33.21,14.9,1.79,-4.23,3.7,45.28,100.93,15.04,5.27,0.66,0.44,0.34,1.77,5.22,3.24,3.22
"22","ARZZ3","Tecidos. Vestuário e Calçados",0.58,22.24,0.87,1.08,3.14,52.63,16.02,11.81,3.01,-5.89,79.3,21.63,29.35,3.47,6.37,0.53,0.05,0.47,10.26,21.69,19.2,14.5
"23","ASAI3","Alimentos",2.13,10.67,1.83,1.01,1.2,17.05,6.16,3.84,0.96,-1.57,172.26,8.55,13.7,0.53,7.97,0.88,0.9,0.12,7.04,58.21,21.67,2.05
"24","ATMP3","Serviços Diversos",-2.72,-3.3,0.59,0.42,-5.1,8.53,-10.74,-13,0.04,-0.05,-0.12,-0.58,-0.48,0.06,0.42,0.91,0.01,0.09,-7.72,-88.18,-35.25,5.79
"25","ATOM3","Outros",-3.17,8.99,1.05,11.15,0.29,100,20.03,21.57,2.57,-97.95,2.9,12.2,11.33,2.44,4.35,0.41,-0.22,0.59,22.7,38.38,33.95,0.76
"26","AURA33","Minerais Metálicos",-0.04,4.86,0.73,1.86,3.4,41.3,26.14,10.01,0.93,-1.73,4.39,4.91,12.83,1.28,2.03,0.54,-0.34,0.46,7.27,15.82,13.72,21.48
"27","AURE3","Energia Elétrica",2.0000278551532,7.5174025974026,0,1.47,0,38.653743315508,13.1473726541555,11.3245576407507,0.8,-0.91,20.77,6.33061855670103,14.1330729166667,4.47507978723404,1.72,0.54,1.91342036553525,0.46,0,0,7.35713888888889,9.05
"28","AVLL3","Incorporações",-3.17,-6.01,0.12,0.97,-16.82,-1.98,-112.46,-165.48,0.39,-0.61,-31.08,-2.84,-1.93,3.2,56.93,0.99,-0.08,0.01,-20.25,3.68219948849105,-27.71,0.57
"29","AZEV3","Construção Pesada",0,0.81,0.18,1.2,3.49,30.88,290.91,247.37,0.49,-0.68,10.43,0.92,1.08,2.68,1.92,0.74,0,0.26,45.37,177.75,153.94,1.96
"30","B3SA3","Serviços Financeiros Diversos",-0.78,13.17,0.2,1.63,0.77,89.89,61.44,45.85,1.67,-2.79,10.76,13.86,18.57,8.51,3.91,0.57,1.37,0.43,8.98,21.04,12.35,3.68
"31","BAHI3","Serviços Educacionais",-3.33,-25.51,0.43,0.22,-1.56,38.63,-5.81,-13.82,0.56,-0.61,-1.87,-22.19,-9.32,1.29,2.29,0.76,0.47,0.24,-5.98,-24.62,-9.85,6.32
"32","BALM3","Equipamentos",-1.89,9.51,0.59,2.67,1.63,56.16,8.87,11.93,0.64,-2.08,1.49,12.38,9.21,1.1,1.12,0.42,-1.47,0.58,7,12.12,5.59,13.44
"33","BAZA3","Bancos",2.0000278551532,1.02,0.05,2.441227154047,24.89,36.66,96.41,52.26,0.05,-0.06,0.82,1.02,1.89,0.99,0.47,0.89,0.01,0.11,2.84,25.05,7.35713888888889,99.34
"34","BBAS3","Bancos",2.0000278551532,4.39,0.07,12.54,6.83,30.25,17.65,15.03,0.05,-0.05,2.13,4.4,5.17,0.78,0.75,0.93,0.09,0.07,0.98,14.58,7.35713888888889,46.84
"35","BBDC3","Bancos",2.0000278551532,7.65,0.07,5.17,2.26,36.8,24.13,21.36,0.12,-0.13,3.1,6.92,7.82,1.67,1.17,0.9,0.24,0.1,1.55,14.92,7.35713888888889,15.14
"36","BBML3","Serviços Diversos",17.15,7.5174025974026,1.41,0.9,0.3,8.47,1.54,0.89,166.76,-279.59,-0.856847545219638,6.33061855670103,14.1330729166667,118.31,3.61181585677749,0.86,380.16,0.14,1.25,8.79,-3.28,3.35
"37","BBRK3","Intermediação Imobiliária",0.24,-2.2,0.9,0.35,-0.55,61.86,-38.33,-50.89,0.84,-1.05,-2.3,-2.44,-1.84,0.94,13.61,0.94,0.03,0.06,-45.85,-740.1,-564.22,0.07
"38","BBSE3","Seguradoras",2.0000278551532,10.62,0,1.28,1.97,38.653743315508,13.1473726541555,11.3245576407507,3.93,-6.39,46.43,10.6,13.3,4.47507978723404,7.18,0.45,6.21,0.55,29.54,54.02,7.35713888888889,3.64
"39","BDLL3","Máq. e Equip. Industriais",-8,-8.58,0.03,0.73,-10.91,-38.88,-128.49,-82.4,0.03,-0.05,-0.2,-0.68,-1.05,0.87,-0.1,1.27,0.01,-0.27,-2.68,-9.9,-101.59,-110.25
"40","BEEF3","Carnes e Derivados",3,7.07,1.34,1.9,0.99,17.23,7.55,2.22,0.41,-1.31,1.27,4.07,13.83,0.31,12.66,0.97,-0.98,0.03,2.98,91.55,14.38,1.08
"41","BEES3","Bancos",2.0000278551532,4.01,0.06,2.441227154047,0.79,39.08,19.27,11.57,0.05,-0.06,0.29,3.9,6.51,0.75,0.86,0.94,0.8,0.06,0.74,13.26,7.35713888888889,5.98
"42","BGIP3","Bancos",2.0000278551532,2.79,0.1,0.78,5.48,60.08,20.21,11.78,0.06,-0.13,-0.42,3.18,5.46,0.64,0.81,0.92,0.1,0.08,1.14,14.92,7.35713888888889,36.72
"43","BIDI11","Bancos",2.0000278551532,-298.24,0.06,0.79,0.04,51.67,-2.19,1.59,0.39,-0.66,-3.67,-300.41,411.83,6.56,1.68,0.77,-0.71,0.23,0.1,0.41,7.35713888888889,9.88
"44","BIDI3","Bancos",2.0000278551532,-298.24,0.06,0.79,0.01,51.67,-2.19,1.59,0.39,-0.65,-3.62,-296.07,405.87,6.47,1.66,0.77,-0.7,0.23,0.1,0.41,7.35713888888889,3.29
"45","BIOM3","Medicamentos e Outros Produtos",-1.97,-15.3,0.29,1.8,-1.09,25.15,-61.3,-74.95,2.39,-3.87,13.99,-13.44,-10.99,8.24,7.91,0.7,-0.82,0.3,-21.7,-71.93,-22.36,1.52
"46","BKBR3","Restaurante e Similares",-1.97,-13.32,0.72,1.07,-0.99,62.42,-6.27,-9.95,0.51,-0.65,37.4,-11.34,-7.15,0.71,1.24,0.59,0.19,0.41,-7.18,-17.41,-7.44,5.71
"47","BLAU3","Medicamentos e Outros Produtos",-1.2,9.74,0.59,4.95,1.81,48.74,33.42,23.8,2.15,-7.91,3.69,10.94,15.36,3.66,3.06,0.3,0.55,0.7,13.97,19.89,14.83,9.11
"48","BLUT3","Holdings Diversificadas",-0.77,-2.74,0,0,-0.43,38.653743315508,13.1473726541555,11.3245576407507,0.13,-0.13,-1.02,-2.87,-2.82,4.47507978723404,0.42,0.69,0,0.31,-4.56,-14.79,-13.07,2.92
"49","BMEB3","Bancos",2.0000278551532,10.16,0.2,1.2,1.76,72,5.7,7.25,0.14,-0.24,1.84,11.65,9.17,0.66,1.5,0.91,0.41,0.09,1.48,16.41,7.35713888888889,10.73
"50","BMIN3","Bancos",2.0000278551532,14.1,0.06,1.28,0.7,67.46,35.55,18.22,0.3,-0.43,4.37,14.65,28.59,5.21,0.75,0.6,0.76,0.4,1.05,2.62,7.35713888888889,26.66
"51","BMKS3","Bicicletas",-46.48,-9.83,0.08,26.78,17.72,33.71,17.59,45.68,0.53,-2.4,0.7,36.65,14.11,6.45,0.59,0.11,0.11,0.89,3.73,4.2,0.63,422.14
"52","BMOB3","Programas e Serviços",-6.05,10.07,0.34,2.58,0.83,37.2,17.36,15.41,0.95,-2.53,2.48,16.16,18.21,2.81,1.33,0.29,0.37,0.71,5.21,7.32,5.01,11.33
"53","BNBR3","Bancos",2.0000278551532,2.13,0.08,2.441227154047,18.74,63.3,56.61,32.34,0.1,-0.11,1.64,2.13,3.74,1.21,0.81,0.88,0.06,0.12,2.68,21.64,7.35713888888889,86.59
"54","BOAS3","Serviços Financeiros Diversos",126.14,-362.57,0.3,6.96,0.29,50.89,-1.24,20.64,1.84,-4.32,3.73,-488.71,29.47,6.08,2.25,0.19,0.22,0.81,6.23,7.65,-2.81,3.81
"55","BOBR3","Produtos de Limpeza",2.18,3.5,1.34,0.57,0.26,27.64,11.58,5.87,0,0,0,0,0,0,0,1.21,0,-0.21,7.85,-37.53,39.16,-0.68
"56","BPAC11","Bancos",2.0000278551532,12.07,0.05,1.1,1.64,33.71,47.41,37.49,0.3,-0.92,4.86,12.03,15.21,5.7,2.56,0.88,0.17,0.12,1.98,16.84,7.35713888888889,9.75
"57","BPAC3","Bancos",2.0000278551532,12.07,0.05,1.1,0.55,33.71,47.41,37.49,0.52,-1.58,8.35,20.66,26.12,9.79,4.4,0.88,0.28,0.12,1.98,16.84,7.35713888888889,3.25
"58","BPAR3","Bancos",2.0000278551532,3.91,0.15,2.441227154047,25.34,72.4,24.07,13.11,0.14,-0.15,1.75,3.91,7.18,0.94,1.06,0.87,201.51,0.13,1.93,14.72,7.35713888888889,172.1
"59","BRAP3","Minerais Metálicos",-0.04,1.49,0,5.89,20.55,38.653743315508,13.1473726541555,11.3245576407507,1.49,-1.55,46.05,1.41,1.39,4.47507978723404,1.5,0.01,0,0.99,106.96,107.68,106.86,19.09
"60","BRBI11","Bancos",-9.02,8.49,0.07,1.35,1.32,94.47,45.15,61.19,0.59,-46.85,2.29,17.51,12.92,7.91,2.33,0.75,0.56,0.25,4.55,18.07,0.78,7.31
"61","BRBI3","Bancos",-9.02,8.49,0.07,1.35,0.44,94.47,45.15,61.19,0,0,0,0,0,0,0,0.75,0,0.25,4.55,18.07,0.78,2.44
"62","BRFS3","Carnes e Derivados",5.84,11.36,0.86,1.24,0.39,21.03,6.23,0.87,0.29,-0.56,3.28,5.47,39.25,0.34,1.87,0.84,-0.56,0.16,0.75,4.75,7.17,8.15
"63","BRGE11","Seguradoras",60.3,36.17,0,2.8,0.29,38.653743315508,-553.42,494.15,0.18,-0.45,0.49,-23.65,26.48,130.86,0.32,0.42,-0.55,0.58,0.7,1.21,-2.42,24.03
"64","BRGE3","Seguradoras",60.3,36.17,0,2.8,0.29,38.653743315508,-553.42,494.15,0.15,-0.36,0.4,-19.23,21.54,106.42,0.26,0.42,-0.45,0.58,0.7,1.21,-2.42,24.03
"65","BRIT3","Telecomunicações",0.94,20.96,0.25,2.37,0.01,44.5,10.95,0.31,0.54,-0.94,2.24,19.69,701.08,2.16,1.17,0.54,-7.6,0.46,0.08,0.17,2.83,2.99
"66","BRIV3","Bancos",2.0000278551532,5.34,0.05,23.9,0,23.97,8.53,0,0.02,-0.02,1.12,5.23,14.1330729166667,0.45,0.37,0.93,1.91342036553525,0.07,0,0,7.35713888888889,18.04
"67","BRKM3","Petroquímicos",0.88,2.21,1.14,1.56,17.54,30.35,24.66,13.24,0.37,-0.65,2.46,1.33,2.48,0.33,5.59,0.93,-0.01,0.07,15.11,225.42,53.45,7.78
"68","BRML3","Exploração de Imóveis",4.58,17.33,0.06,3,0.23,90.42,49.84,16.53,0.37,-0.41,5.74,12.74,38.41,6.35,0.64,0.42,-0.23,0.58,0.96,1.66,3.21,13.57
"69","BRPR3","Exploração de Imóveis",10.89,33.59,0.03,1.56,0.07,100,55.26,9.81,0.36,-0.4,10.8,22.8,128.4,12.6,0.58,0.37,-1.52,0.63,0.28,0.45,1.62,14.98
"70","BRQB3","Programas e Serviços",-1.19,-1.19,1.81,1.89,0.28,35.98,13.48,5.87,0,0,0,0,0,0,0,0.66,0,0.34,10.63,30.88,34.89,0.89
"71","BRSR3","Bancos",2.0000278551532,4.19,0.08,1.33,2.32,58.44,13.65,11.57,0.05,-0.05,3.14,4.41,5.2,0.6,0.55,0.91,0.17,0.09,0.91,10.49,7.35713888888889,22.12
"72","BSLI3","Bancos",2.0000278551532,13.65,0.1,0.2,1.67,46.09,20.53,20.46,0.29,-0.32,-0.85,14.52,14.57,2.98,3.4,0.91,0.41,0.09,1.99,23.36,7.35713888888889,7.17
"73","CALI3","Incorporações",4.36,6.15,0.38,1.99,20.07,35.13,18.84,10.23,0.19,-0.46,0.65,2.66,4.89,0.5,3.99,0.95,0.02,0.05,3.9,81.51,13.05,24.62
"74","CAMB3","Calçados",2.55,8.71,0.75,1.08,0.65,46.89,15.03,11.45,0.69,-1.17,22.64,6.06,7.95,0.91,1.75,0.61,0.32,0.39,8.62,21.99,13.41,2.96
"75","CAML3","Alimentos Diversos",3.03,8.26,1.11,2.35,0.33,20.22,6.77,1.34,0.4,-1.08,1.08,5.25,26.62,0.36,1.12,0.65,-0.36,0.35,1.48,4.2,8.4,7.98
"76","CARD3","Serviços Diversos",0.23,6.82,0.9,1.17,1.45,32.3,17.81,11.77,1.06,-1.5,24.82,6.6,9.98,1.18,1.76,0.4,0.34,0.6,10.62,17.65,14.87,8.2
"77","CASH3","Programas e Serviços",7.56,-16.84,0.29,6.82,-0.05,-25.75,-25.75,-14.35,1.83,-7.02,2.91,-24.4,-43.79,6.28,2.38,0.23,0.2,0.77,-4.19,-5.44,-12.16,0.87
"78","CASN3","Água e Saneamento",4.77,41.47,0.31,1.08,0.15,49.62,22.88,11.08,3.36,-3.84,359.05,47.14,97.32,10.78,7.85,0.57,4.88,0.43,3.45,8.07,6.77,1.91
"79","CATA3","Fios e Tecidos",2.96,3.88,0.76,2.3,110.1,24.9,7.61,7.53,0.05,-0.11,0.19,0.93,0.94,0.07,0.1,0.47,0,0.53,5.7,10.79,7.17,7.22925064599483
"80","CBAV3","Minerais Metálicos",2.19,19.51,0.2,2.06,0.93,20.01,25.74,23.02,0.9,-1.44,4.7,17.35,19.4,4.47,2.29,0.61,-0.12,0.39,4.65,11.8,6.37,7.91
"81","CBEE3","Energia Elétrica",10.73,20.82,0.52,0.69,0.35,15.08,6.18,0.98,0.33,-0.43,-3.02,10.09,63.36,0.62,1.42,0.77,0.9,0.23,0.51,2.25,5.26,15.46
"82","CCRO3","Exploração de Rodovias",5.76,13.26,0.3,1.35,0.34,37.92,29.75,5.68,0.66,-0.82,13.26,7.49,39.2,2.23,3.18,0.79,0.15,0.21,1.68,8.12,7.27,4.24
"83","CEAB3","Tecidos. Vestuário e Calçados",3.5,19.54,0.59,1.63,1.07,46.52,1.8,6.38,0.17,-0.31,0.98,16.01,4.52,0.29,0.5,0.65,-0.02,0.35,3.79,10.99,-5.38,9.72
"84","CEBR3","Energia Elétrica",-0.38,0.3,0.23,2.17,17.35,48.62,547.73,364.47,0.86,-2.33,2.5,0.69,1.04,3.78,1.22,0.3,0.01,0.7,82.57,118.17,118.14,14.68
"85","CEDO3","Fios e Tecidos",4.64,6.01,1.15,0.87,0.15,15.67,4.67,0.16,0.08,-0.17,-1.11,1.57,45.69,0.07,0.48,0.82,-0.44,0.18,0.18,1.04,11.82,14.68
"86","CEEB3","Energia Elétrica",3.8,8.18,0.58,1.13,6.37,25.04,19.75,11.7,0.4,-0.52,15.42,3.46,5.85,0.68,1.58,0.75,0.16,0.25,6.84,27.02,13.8,23.56
"87","CEED3","Energia Elétrica",55.75,130.66,0.72,1.16,-5.78,9.93,0.8,-8.07,0.44,-0.71,8.23,74.9,-7.44,0.6,-1.1,1.39,0.1,-0.39,-5.85,-14.83,1.63,-38.94
"88","CEGR3","Gás",1.29,31.2,1.18,0.62,1.83,26.47,17.5,10.76,6.18,-8.15,-42.06,29.91,48.67,5.24,22.64,0.73,1.4,0.27,12.7,46.52,24.45,3.93
"89","CEPE3","Energia Elétrica",6.37,15.42,0.65,1.15,5.04,17.56,11.12,4.42,0.72,-1.06,17.21,9.89,24.86,1.1,5.1,0.86,0.34,0.14,2.9,20.52,9.55,24.55
"90","CGAS3","Gás",2.35,8.86,0.95,0.91,15.99,30,22.03,18.1,1.37,-2.07,-43.12,6.51,7.93,1.43,15.2,0.91,0.09,0.09,17.27,191.74,30.09,8.34
"91","CGRA3","Tecidos. Vestuário e Calçados",-0.2,3.73,0.57,2.38,9.04,53.42,29.35,28.46,0.65,-1.27,2.31,3.92,4.05,1.15,0.95,0.31,0.03,0.69,16.1,23.36,18.2,38.71
"92","CIEL3","Serviços Financeiros Diversos",0.46,6.73,0.12,1.16,0.36,29.08,13.49,8.31,0.1,-0.71,0.82,6.22,10.11,0.84,1.44,0.9,0.1,0.07,0.97,14.28,7.62,2.5
"93","CLSA3","Programas e Serviços",8.3,-6.33,0.46,6.22,-0.4,37.43,-16.87,-16.29,1.14,-10.98,1.51,-14.58,-15.11,2.46,1.45,0.21,0.03,0.79,-7.54,-9.59,-10.09,4.14
"94","CLSC3","Energia Elétrica",2.21,6.45,0.74,1.15,9.44,10.51,6.04,4.13,0.19,-0.28,4.71,4.27,6.25,0.26,0.87,0.78,-0.21,0.22,3.04,13.89,8.19,67.96
"95","CMIG3","Energia Elétrica",1.27,5.46,0.65,1.21,2.22,19.98,20.66,11.15,0.67,-0.9,15.48,5.04,9.34,1.04,1.8,0.63,0.3,0.37,7.21,19.28,19.48,11.49
"96","CMIN3","Minerais Metálicos",-0.66,2.78,0.71,1.96,1.14,57.94,49.74,33.46,1.21,-2.29,5.19,3.44,5.11,1.71,2.32,0.48,0.09,0.52,23.6,45.51,35.46,2.5
"97","CMSA3","Outros",0.16,0.16,0,41.92,0,38.653743315508,13.1473726541555,11.3245576407507,0,0,0,0,0,4.47507978723404,0,0.02,0,0.98,-542.38,-553.92,-560.22,0
"98","CNSY3","Produção e Difusão de Filmes e Programas",-7.67,-60.99,0.32,0.43,-0.9,-29.13,-29.22,-46.53,4.91,-5.9,-22.27,-53.32,-33.48,15.58,-32.28,1.15,0.9,-0.15,-14.67,-96.39,-18.78,-0.94
"99","COCE3","Energia Elétrica",3.74,7.43,0.72,0.96,6.28,16.31,11.33,6.02,0.41,-0.58,-30.18,4.97,9.36,0.56,1.31,0.69,0.11,0.31,4.35,14.01,10.51,44.79
"100","COGN3","Serviços Educacionais",74.83,140.65,0.17,1.7,-0.26,60.16,1.64,-10.24,0.18,-0.24,1.79,65.82,-10.55,1.08,0.37,0.52,0.12,0.48,-1.72,-3.55,0.15,7.34
"101","CORR3","Exploração de Imóveis",5.61,5.13,0.04,25.42,-83.92,89.26,-294.8,-215.17,0,-0.02,0,-0.02,-0.03,0.07,-0.08,1.04,0,-0.04,-9.58,-250.06,391.38,-33.56
"102","CPFE3","Energia Elétrica",2.65,8,0.59,1.2,4.12,23.61,18.89,12.11,0.6,-0.78,15.03,5.35,8.35,1.01,2.36,0.75,0.28,0.25,7.18,28.25,14.4,14.59
"103","CPLE11","Energia Elétrica",1.53,5.19,0.48,1.4,9.05,20.28,22.71,20.65,0.4,-0.52,6.23,3.67,4.04,0.83,0.9,0.55,0.15,0.45,10,22.33,12.31,40.52
"104","CPLE3","Energia Elétrica",1.53,5.21,0.48,1.4,1.81,20.28,22.71,20.65,0.37,-0.47,5.64,3.33,3.66,0.76,0.82,0.55,0.14,0.45,10,22.33,12.31,8.1
"105","CRDE3","Incorporações",1.8,-4.54,0.04,2.11,-2.88,17.94,-155.14,-142.37,0.41,-0.5,4.42,-6.34,-6.9,9.83,0.48,0.14,0.13,0.86,-5.99,-6.95,-7.61,41.47
"106","CRFB3","Alimentos",0.4,9.33,1.32,1.06,1.58,19.13,6.58,4.04,0.78,-1.63,25.94,8.93,14.54,0.59,2.48,0.69,0.82,0.31,5.34,17.09,15.14,9.26
"107","CRIV3","Soc. Crédito e Financiamento",2.0000278551532,4.33,0.07,16.4,0,57.41,15.44,0,0.05,-0.08,0.15,4.44,14.1330729166667,0.69,0.52,0.9,1.91342036553525,0.1,0,0,7.35713888888889,10.33
"108","CRPG3","Químicos Diversos",-0.61,5.45,0.8,3.67,9.53,32.73,29.56,28.87,1.45,-3.89,3.19,6.15,6.29,1.82,1.99,0.27,0.13,0.73,23.08,31.54,31.04,30.22
"109","CSAB3","Seguradoras",2.0000278551532,73.98,0.01,3.17,1.21,135.87,202.63,322.07,1.31,-1.74,7.69,83.88,52.77,169.96,2.83,0.54,-0.65,0.46,2.48,5.36,7.35713888888889,22.61
"110","CSAN3","Exploração. Refino e Distribuição",3.77,8.72,0.25,2.11,3.27,25.45,34.83,24.58,0.44,-0.61,3.01,4.97,7.05,1.73,1.5,0.7,0.01,0.3,6.26,21.21,10.57,15.41
"111","CSED3","Serviços Educacionais",0.29,5.36,0.38,2.33,0.22,47.27,17.21,4.56,0.33,-0.46,2.13,5.06,19.1,0.87,1.09,0.7,-0.07,0.3,1.74,5.71,11.78,3.81
"112","CSMG3","Água e Saneamento",3.16,9.59,0.46,1.34,1.41,36.46,14.36,9.12,0.43,-0.54,8.35,6.43,10.13,0.92,0.81,0.47,-0.3,0.53,4.23,7.95,6.79,17.78
"113","CSNA3","Siderurgia",0.64,2.37,0.6,1.43,8.83,46.07,42.87,25.59,0.44,-0.79,3.37,1.71,2.87,0.73,1.51,0.71,0.01,0.29,15.44,52.44,27.81,16.85
"114","CSRN3","Energia Elétrica",2.74,7.17,0.7,0.93,3.17,24.61,19.91,14.74,0.62,-0.86,-28.51,4.44,5.99,0.88,2.11,0.71,0.11,0.29,10.27,35.23,16.48,9
"115","CTCA3","Agricultura",-2.31,-2.31,0.39,3.01,0.36,66.81,42.92,30.51,0,0,0,0,0,0,0,0.29,0,0.71,11.92,16.74,15.53,2.15
"116","CTKA3","Fios e Tecidos",8.13,9.9,0.87,1.72,9.26,40.55,12.21,10.46,0.27,-0.93,0.91,2.54,2.97,0.31,-1.27,1.21,-0.1,-0.21,9.12,-42.91,15.23,-21.59
"117","CTNM3","Fios e Tecidos",7.48,8.53,0.52,0.94,-2.67,31.9,7.34,-3.7,0.06,-0.1,-2.21,1.51,-3,0.11,0.18,0.67,0.05,0.33,-1.94,-5.93,5.34,45.08
"118","CTSA3","Fios e Tecidos",3.18,7.46,0.89,1.08,0.24,15.79,8.32,4.51,0.32,-0.54,11.02,4.25,7.84,0.35,0.7,0.55,-0.01,0.45,4.04,8.89,8.85,2.74
"119","CURY3","Incorporações",-0.8,5.1,0.67,1.68,1.03,37.09,21.65,17.24,0.85,-3.04,2.9,5.84,7.33,1.26,2.98,0.72,0,0.28,11.54,40.6,30.1,2.53
"120","CVCB3","Viagens e Turismo",-0.01,-7.37,0.17,0.89,-2.12,100,-53.72,-57.68,0.66,-1.65,-8.63,-7.33,-6.83,3.94,8.67,0.92,0.11,0.08,-9.61,-126.93,-36.79,1.67
"121","CXSE3","Corretoras de Seguros",-0.17,10.72,0,10.21,0.63,38.653743315508,13.1473726541555,11.3245576407507,2.23,-2.46,27.15,10.88,12.55,4.47507978723404,2.25,0.01,1.75,0.99,17.8,17.96,17.86,3.52
"122","CYRE3","Incorporações",1.07,6.82,0.35,3.11,2.29,34.77,22.19,19.09,0.44,-1.04,1.14,5.78,6.72,1.28,0.9,0.51,-0.14,0.49,6.61,13.44,9.33,17.02
"123","DASA3","Serv.Méd.Hospit..Análises e Diagnósticos",45.56,189.96,0.45,0.99,-0.4,29.92,0.85,-2.17,0.55,-0.78,-155.68,144.46,-56.44,1.23,1.69,0.68,-1.12,0.32,-0.97,-3,-0.45,13.47
"124","DESK3","Telecomunicações",3.65,22.6,0.16,1.85,0.3,56.91,19.7,7.39,0.6,-0.8,5.13,18.77,50.04,3.7,1.45,0.59,-12.93,0.41,1.19,2.89,4.09,10.22
"125","DEXP3","Petroquímicos",0.99,3.78,1.37,1.98,2.04,20.82,14.32,10.81,0.55,-1.61,1.69,2.81,3.72,0.4,1.35,0.59,0.06,0.41,14.81,36.22,28.29,5.63
"126","DIRR3","Incorporações",0.7,6.09,0.31,5.75,1.06,36.43,18.18,8.98,0.31,-0.62,0.74,5.39,10.91,0.98,1.19,0.74,0.27,0.26,2.81,10.93,10.5,9.73
"127","DMMO11","Exploração. Refino e Distribuição",-0.09,5.81,0.8,1.12,0.11,57.25,72.59,30.59,0.86,-1.71,15.98,1.47,3.5,1.07,-0.36,3.36,-0.03,-2.36,24.54,-10.38,-24.63,-1.07
"128","DMMO3","Exploração. Refino e Distribuição",-0.09,5.81,0.8,1.12,0.11,57.25,72.59,30.59,3.37,-6.72,62.68,5.78,13.73,4.2,-1.42,3.36,-0.12,-2.36,24.54,-10.38,-24.63,-1.07
"129","DMVF3","Medicamentos e Outros Produtos",21.48,-101.92,0.78,1.1,0.04,32.5,-0.19,0.17,0.17,-0.24,6.89,-121.72,129.9,0.23,0.31,0.43,0.09,0.57,0.13,0.24,-2.62,16.56
"130","DOHL3","Fios e Tecidos",0.06,13.9,0.73,4.32,1.02,30.33,12.38,11.47,1.56,-3.27,3.87,17.21,18.58,2.13,2.04,0.24,-2.34,0.76,8.38,10.98,9.68,9.32
"131","DOTZ3","Programas e Serviços",3.55,-2.7,0.3,1.02,-0.62,89.34,-59.4,-66.61,1.12,-6.95,61.09,-6.21,-5.54,3.69,-5.86,1.19,-0.19,-0.19,-20.23,-105.75,168.98,-0.59
"132","DTCY3","Serviços Diversos",-0.12,-23.55,0.63,0.55,-0.43,22.43,-49.96,-50.31,5.77,-8.41,-22.72,-18.26,-18.14,9.12,376.64,0.98,0.01,0.02,-31.81,3.68219948849105,-241.13,0.02
"133","DXCO3","Madeira",1.29,6.5,0.61,1.38,2.27,35.13,23.15,21.12,0.73,-1.12,7.62,5.19,5.69,1.2,1.71,0.57,0.02,0.43,12.86,30.09,16.95,7.54
"134","EALT3","Máq. e Equip. Industriais",2.39,6.67,0.79,1.19,1.61,23.96,11.51,9.39,0.45,-0.78,6.82,5.01,6.13,0.58,1.19,0.62,0.14,0.38,7.39,19.34,12.49,8.34
"135","ECOR3","Exploração de Rodovias",4.94,8.29,0.28,0.64,0.53,39.55,33.71,7.9,0.32,-0.38,-3.53,3.35,14.3,1.13,2.25,0.86,-0.08,0.14,2.24,15.76,10.42,3.35
"136","ECPR3","Fios e Tecidos",0.08,-17.09,0,2.97,-9.14,38.653743315508,13.1473726541555,11.3245576407507,0.62,-0.62,174.62,-17.12,-9.87,4.47507978723404,1.21,0.49,0.14,0.51,-6.29,-12.28,-7.36,74.46
"137","EEEL3","Energia Elétrica",-0.43,9.27,0.27,1.96,8.86,55.97,32.18,6.91,0.84,-1.48,4,9.7,45.14,3.12,1.9,0.56,-0.65,0.44,1.87,4.22,3.05,210.09
"138","EGIE3","Energia Elétrica",3.06,10.36,0.33,1.47,1.92,47.14,39.06,12.47,0.94,-1.21,13.03,7.3,22.86,2.85,4.51,0.79,-0.52,0.21,4.1,19.71,16.54,9.72
"139","EKTR3","Energia Elétrica",3.12,7.45,0.8,1.47,4.24,20.46,16.47,9.66,0.6,-0.9,5.54,4.53,7.73,0.75,1.96,0.7,0.2,0.3,7.7,25.42,12.92,16.69
"140","ELET3","Energia Elétrica",2.03,7.21,0.2,1.66,3.6,68.2,34.69,15.01,0.36,-0.46,4.29,5.21,12.05,1.81,0.89,0.59,-1.1,0.41,3,7.39,6.4,48.71
"141","ELMD3","Publicidade",3.11,229.83,0.26,2.14,-0.08,35.29,2.19,-2.76,1.26,-2.32,5.2,225.5,-179.02,4.94,2.68,0.53,2.15,0.47,-0.7,-1.5,0.31,5.48
"142","EMAE3","Energia Elétrica",-5.54,17.31,0.32,4.06,4.06,27.39,10.61,28.34,0.57,-0.85,2.37,16.69,6.25,1.77,1.27,0.55,-0.26,0.45,9.18,20.32,2.16,19.97
"143","EMBR3","Material Aeronáutico e de Defesa",7.71,17.36,0.4,2.08,-0.37,15.61,4.65,-1.21,0.18,-0.42,0.59,9.56,-36.7,0.44,0.65,0.73,0.4,0.27,-0.48,-1.77,1.75,20.91
"144","ENAT3","Exploração. Refino e Distribuição",-1.06,1.69,0.27,3.26,5.43,33.95,117.16,80.03,0.87,-2.16,2.1,2.75,4.03,3.23,1.4,0.38,0,0.62,21.6,34.68,29.1,15.67
"145","ENBR3","Energia Elétrica",2.07,5.46,0.57,1.41,3.72,21.81,20.22,11.44,0.39,-0.55,4.49,3.39,5.99,0.69,1.05,0.63,0.14,0.37,6.47,17.57,13.84,21.15
"146","ENEV3","Energia Elétrica",3.81,16.31,0.28,2.22,0.91,37.91,31.06,22.9,1.09,-1.32,11.36,12.51,16.98,3.89,2.21,0.51,1.03,0.49,6.43,13.04,8.12,7.01
"147","ENGI11","Energia Elétrica",3.7,7.17,0.49,1.22,7.77,22.46,18.47,10.52,0.31,-0.44,6.11,3.47,6.09,0.64,1.8,0.83,0.07,0.17,5.15,29.57,12.6,26.26
"148","ENGI3","Energia Elétrica",3.7,7.17,0.49,1.22,1.55,22.46,18.47,10.52,0.52,-0.72,10.09,5.73,10.07,1.06,2.98,0.83,0.11,0.17,5.15,29.57,12.6,5.25
"149","ENJU3","Programas e Serviços",2.9,-0.38,0.22,10.62,-0.6,26.17,-127.26,-111.91,0.93,-8.23,1.16,-3.27,-3.71,4.16,1.04,0.1,-0.01,0.9,-25.15,-27.98,-31.82,2.15
"150","ENMT3","Energia Elétrica",2.47,13.42,0.65,1.24,5.18,27.78,22.97,15.48,1.64,-2.29,30.22,11,16.32,2.53,6.43,0.75,0.24,0.25,10.04,39.39,19.48,13.14
"151","EPAR3","Holdings Diversificadas",0.12,3.37,3.65,1.85,4.97,16.58,8.25,7.83,0.98,-2.98,3.19,3.26,3.43,0.27,2.81,0.65,0.01,0.35,28.63,82.04,49.04,6.06
"152","EQPA3","Energia Elétrica",1.56,9.93,0.67,1.45,0.46,28.82,20.27,12.63,1.13,-1.86,9.34,8.35,13.4,1.69,4.09,0.72,0.31,0.28,8.45,30.52,18.35,1.52
"153","EQTL3","Energia Elétrica",3.01,8.83,0.39,1.67,3.27,28.45,20.57,15.24,0.47,-0.73,3.36,5.85,7.9,1.2,2,0.76,0.33,0.24,5.99,25.3,12.13,12.94
"154","ESPA3","Produtos de Uso Pessoal",3.28,9.21,0.32,1.12,0.74,40.7,31.99,25.26,0.61,-0.99,14.94,5.9,7.47,1.89,1.87,0.67,0.04,0.33,8.14,25.03,13.9,2.95
"155","ESTR3","Brinquedos e Jogos",5.73,7.97,0.53,0.25,-35.19,39.51,9.61,-18.36,0.05,-0.12,-0.03,0.97,-0.51,0.09,-0.03,2.71,-0.01,-1.71,-9.77,-5.71,-2.46,-616.75
"156","ETER3","Produtos para Construção",-0.53,2.07,1.11,3.54,4.36,43.72,30.78,23.98,0.89,-3.3,1.69,2.6,3.33,0.8,1.59,0.44,0.05,0.56,26.62,47.82,44.62,9.12
"157","EUCA3","Madeira",0.69,2.73,0.7,1.53,4.62,35.4,22.44,17.47,0.42,-0.66,3.36,2.67,3.43,0.6,0.78,0.46,0.02,0.54,12.32,22.67,18.76,20.38
"158","EVEN3","Incorporações",-2.37,2.27,0.38,1.88,1.09,27.77,11.65,10.16,0.21,-0.78,0.61,4.66,5.35,0.54,0.48,0.56,0,0.44,3.9,8.92,7.68,12.23
"159","EZTC3","Incorporações",-2.8,9.58,0.19,4.69,1.89,46.12,32.34,44.9,0.75,-1.33,2.2,12.32,8.87,3.98,0.87,0.14,1.44,0.86,8.47,9.84,6.45,19.25
"160","FESA3","Siderurgia",-0.25,4.79,0.7,2.95,7.28,43.25,33.52,26.9,1.3,-2.21,4.76,5.51,6.87,1.85,1.86,0.3,0.01,0.7,18.93,27.12,26.74,26.84
"161","FHER3","Fertilizantes e Defensivos",0.56,1.71,1.49,1.72,12.39,23.29,19.63,15.55,0.33,-1.15,1.12,1.14,1.44,0.22,1.85,0.82,0,0.18,23.16,128.53,80.72,9.64
"162","FIGE3","Outros",2.0000278551532,0,0.04,2.441227154047,2.77,100,89.57,61.47,0,0,0,0,0,0,0,0,0,1,2.75,2.75,7.35713888888889,100.52
"163","FIQE3","Telecomunicações",-3.13,12.56,0.28,2.82,0.22,49.1,28.31,17.59,1.25,-2.54,3.83,15.64,25.17,4.43,2.11,0.41,0.42,0.59,4.98,8.4,7.68,2.65
"164","FLEX3","Serviços Diversos",7.23,7.23,1.31,0.9,-13.79,29.76,3.16,-8.43,0,0,0,0,0,0,0,1.04,0,-0.04,-11.07,-283.15,-4.04,-4.87
"165","FLRY3","Serv.Méd.Hospit..Análises e Diagnósticos",3.22,10.63,0.64,1.44,1.1,29.1,17.23,9.04,0.81,-1.14,9.22,7.4,14.11,1.28,2.66,0.69,0.39,0.31,5.76,18.87,10.88,5.83
"166","FNCN3","Soc. Crédito e Financiamento",2.0000278551532,-11.56,0.15,9.12,-1.25,100,-70.28,-67.79,1.25,-3.48,2.2,-11.56,-11.98,8.12,1.38,0.09,0.26,0.91,-10.47,-11.55,7.35713888888889,10.83
"167","FRAS3","Material Rodoviário",2.22,13.41,0.84,1.95,0.78,28.98,10.66,8.18,1,-2.1,3.93,11.24,14.64,1.2,2.8,0.64,1.21,0.36,6.85,19.1,12.48,4.1
"168","FRIO3","Máq. e Equip. Industriais",6.28,7.32,1.04,0.83,-15.35,17.15,7.98,-3.08,0.09,-0.28,-0.59,1.04,-2.7,0.08,-1.4,1.06,0.05,-0.06,-3.2,-51.79,9.77,-29.64
"169","FRTA3","Agricultura",-108.69,-124.25,0.49,0.05,0.14,20.86,-3.61,1.83,0.28,-0.32,-0.1,-15.57,30.59,0.56,-0.14,3.04,-0.35,-2.04,0.9,-0.44,23.67,-31.77
"170","G2DI33","Gestão de Recursos e Investimentos",-0.13,0.99,0,1.03,4.47,38.653743315508,13.1473726541555,11.3245576407507,0.39,-0.44,97.18,1.11,1.12,4.47507978723404,0.44,0.13,1.91342036553525,0.87,34.38,39.39,36.31,11.35
"171","GEPA3","Energia Elétrica",5.38,17.76,0.34,0.42,-0.09,16.79,15.31,-0.65,0.63,-0.71,-4.33,12.19,-285.45,1.87,1.32,0.52,2.82,0.48,-0.22,-0.46,5.76,20.2
"172","GETT11","Serviços Financeiros Diversos",2.5,7.5174025974026,0.05,1.03,0.26,38.35,19.43,16.69,0.11,-3.3,4.49,11.68,13.6,2.27,1.95,0.94,0.43,0.06,0.81,14.33,6.86,1.78
"173","GETT3","Serviços Financeiros Diversos",2.5,7.5174025974026,0.05,1.03,0.26,38.35,19.43,16.69,0.06,-1.65,2.25,5.86,6.82,1.14,0.98,0.94,0.21,0.06,0.81,14.33,6.86,1.78
"174","GFSA3","Incorporações",4.54,7.41,0.17,2.13,0.24,25.5,25.74,9.93,0.13,-0.33,0.39,2.85,7.39,0.73,0.33,0.62,-0.04,0.38,1.72,4.47,3.71,5.38
"175","GGBR3","Siderurgia",0.34,2.57,1.06,2.33,9.01,26.57,26.83,19.78,0.53,-0.95,2.11,1.86,2.53,0.5,0.91,0.42,0,0.58,20.99,36.19,28.69,24.9
"176","GGPS3","Logística",0.7,17.6,1,2.27,0.6,16.86,9.21,6.04,1.55,-3.23,5.34,16.8,25.62,1.55,4.66,0.67,1.92,0.33,6.05,18.2,10.32,3.29
"177","GMAT3","Alimentos",1.22,12.89,1.59,3.8,0.34,23.32,5.77,4.78,1.07,-2.9,2.31,11.65,14.06,0.67,1.65,0.35,3.08,0.65,7.62,11.72,10.59,2.93
"178","GOAU3","Siderurgia",0.31,0.9,1.05,2.38,4.66,26.57,26.78,6.46,0.15,-0.28,0.59,0.54,2.26,0.15,0.26,0.42,0,0.58,6.79,11.61,28.18,40.12
"179","GPAR3","Energia Elétrica",-0.73,9.84,0.12,4.08,1.69,78.63,81.72,48.54,1.05,-1.34,6.38,10.56,17.78,8.63,1.47,0.29,-0.85,0.71,5.91,8.28,8.98,20.36
"180","GPIV33","Gestão de Recursos e Investimentos",-1.62,-1.22,0.2,6.6,11.95,100,82.88,69.03,0.07,-0.09,0.25,0.4,0.48,0.33,0.08,0.18,0,0.82,13.47,16.45,19.04,72.65
"181","GRAO3","Agricultura",8.02,8.02,2.27,1.16,0.1,2.06,1.19,0.42,0,0,0,0,0,0,0,0.97,0,0.03,0.95,33,3.91,0.31
"182","GRND3","Calçados",-2.84,19.21,0.51,8.02,0.67,43.97,16.8,25.66,1.9,-5.79,3.23,22.01,14.41,3.7,2.12,0.1,0.3,0.9,13.2,14.68,8.03,4.54
"183","GSHP3","Exploração de Imóveis",33.18,34.19,0.08,1.18,-132.97,73.2,38.55,-196.4,0.03,-0.04,0.94,1.01,-0.2,0.39,-0.07,1.42,0,-0.42,-14.86,-35.37,2.54,-375.91
"184","GUAR3","Tecidos. Vestuário e Calçados",3.61,16.08,0.5,1.45,0.91,53.84,5.7,6.27,0.35,-0.91,1.86,12.43,11.29,0.71,0.97,0.64,-0.01,0.36,3.13,8.6,1.92,10.55
"185","HAGA3","Produtos para Construção",-1.2,2.69,0.69,1.7,0.67,28.86,21.82,19.27,1,-5.67,2.94,6.64,7.52,1.45,-0.97,2.03,0.17,-1.03,13.29,-12.96,-22.51,-5.2
"186","HAPV3","Serv.Méd.Hospit..Análises e Diagnósticos",6.5,142.96,0.47,1.04,0.07,31.02,5.5,5.04,3.54,-4.2,557.02,137.12,149.65,7.54,7.05,0.5,-4.1,0.5,2.37,4.71,3.31,1.48
"187","HBOR3","Incorporações",6.1,9.52,0.22,3.15,0.75,26.46,15.9,10.65,0.12,-0.31,0.28,3.42,5.1,0.54,0.28,0.58,0.02,0.42,2.34,5.56,4.16,13.56
"188","HBRE3","Exploração de Imóveis",1.85,4.15,0.02,2.39,1.51,84.02,352.14,177.66,0.19,-0.22,2.16,2.3,4.56,8.1,0.3,0.38,-0.01,0.62,4.14,6.64,8.18,22.79
"189","HBSA3","Transporte Hidroviário",49.97,79,0.17,2.04,-0.45,21.04,7.68,-30.4,0.38,-0.47,3.96,28.86,-7.29,2.22,1.98,0.81,-0.03,0.19,-5.2,-27.18,0.73,1.64
"190","HETA3","Utensílios Domésticos",139.85,147.97,0.26,0.01,0.87,100,88.69,16.93,4.81,-5.17,-0.63,21.09,110.52,18.71,-0.09,55.54,-1.1,-54.54,4.36,-0.08,-1.01,7.22925064599483
"191","HOOT3","Hotelaria",0.2,-0.47,0.1,0.04,-2.17,60.75,-63.6,-86.59,0,0,0,0,0,0,0,2.11,0,-1.11,-8.77,-7.89,8.18,-27.56
"192","HYPE3","Medicamentos e Outros Produtos",2.58,15.03,0.3,2.34,2.1,64.05,33.15,22.4,1.23,-1.84,6.58,12.43,18.39,4.12,2.49,0.5,6.79,0.5,6.71,13.53,11.29,15.52
"193","IFCM3","Programas e Serviços",-5.46,-94.85,0.15,1,-0.14,48.52,-6.7,-9.25,0.91,-1.34,-655.34,-88.89,-64.45,5.96,1.96,0.53,-0.13,0.47,-1.41,-3.04,-1.82,4.57
"194","IGBR3","Exploração de Imóveis",-9.67,-10.59,0.04,0.05,-62.81,104.76,-999.94,11.3245576407507,0.38,-0.45,-0.11,-0.92,-0.61,9.16,-0.05,9.26,0.04,-8.26,-62.14,-7.53,10.13,-834.46
"195","IGSN3","Água e Saneamento",40.84,40.84,0.1,0.63,-0.11,31.72,10.14,-4.62,0,0,0,0,0,0,0,0.73,0,0.27,-0.45,-1.69,-0.44,6.75
"196","IGTI11","Exploração de Imóveis",4.16,20.02,0.12,4.64,0.64,56.97,39.79,27.86,1.05,-1.54,4.18,22.58,32.25,8.98,2.24,0.53,0.15,0.47,3.24,6.95,2.2,9.19
"197","IGTI3","Exploração de Imóveis",4.16,20.09,0.12,4.64,0.21,56.97,39.79,27.86,0.4,-0.58,1.58,8.56,12.22,3.4,0.85,0.53,0.06,0.47,3.24,6.95,2.2,3.06
"198","INEP3","Máq. e Equip. Industriais",0.59,0.72,0.02,0.12,7.39,35.2,13.1473726541555,11.3245576407507,0.12,-0.13,-0.21,0.13,0.14,7.64,-0.15,1.84,0,-0.84,85.4,-102.09,-339,-7.24
"199","INNT3","Incorporações",3.38,3.38,0.57,1.36,0.34,23.92,10.58,6.51,0,0,0,0,0,0,0,0.9,0,0.1,3.68,38.12,13.6,0.89
"200","INTB3","Computadores e Equipamentos",-1.35,25.96,0.87,2.33,1.11,29.45,11.75,11.81,2.77,-16.42,5.84,27.19,27.05,3.19,5.14,0.46,2.43,0.54,10.25,18.99,14.98,5.86
"201","IRBR3","Seguradoras",2.0000278551532,-1.95,0.35,0.81,-0.54,-19.74,-25.11,-8.55,0.17,-0.44,-1.15,-1.92,-5.65,0.48,1.06,0.84,0.1,0.16,-3.01,-18.78,7.35713888888889,2.87
"202","ITSA3","Bancos",0.27,7.08,0.1,1.68,1.38,35.18,160.31,149.33,1.05,-1.18,22.83,6.88,7.38,11.03,1.3,0.19,0.1,0.81,14.19,17.55,16.64,7.87
"203","ITUB3","Bancos",2.0000278551532,5.66,0.09,2.441227154047,2.73,64.58,21.58,13.68,0.11,-0.11,-0.856847545219638,5.24,8.27,1.13,1.35,0.92,0.2,0.08,1.29,16.27,7.35713888888889,16.78
"204","JALL3","Açucar e Alcool",1.11,4.61,0.36,2.58,1.1,61.97,59.78,24.29,0.74,-1.41,2.55,3.49,8.58,2.08,2.1,0.65,0.19,0.35,8.64,24.51,23.87,4.51
"205","JBSS3","Carnes e Derivados",2.11,4.78,1.69,1.4,9.13,18.87,9.2,5.84,0.42,-0.7,3.57,2.66,4.2,0.25,1.8,0.77,0.01,0.23,9.89,42.86,18.25,21.29
"206","JFEN3","Incorporações",-2.85,-3.46,0,0.86,-1.8,38.653743315508,13.1473726541555,11.3245576407507,0.1,-0.64,-0.75,-0.61,-0.65,29,-0.19,1.54,-0.05,-0.54,-15.75,-28.96,379.34,-6.2
"207","JHSF3","Incorporações",0.99,4.77,0.24,2.42,1.46,69.44,55.47,49.99,0.5,-0.66,3.51,3.78,4.19,2.1,0.93,0.46,0.08,0.54,11.93,22.07,16.85,6.63
"208","JOPA3","Alimentos Diversos",6.4,9.64,0.91,2.21,2.91,19.84,4.18,1.54,0.12,-0.42,0.32,3.22,8.78,0.13,0.37,0.67,-2.57,0.33,1.4,4.25,3.43,68.43
"209","JSLG3","Transporte Rodoviário",5.71,9.61,0.6,2.19,0.95,15.38,12.2,6.3,0.29,-0.45,1.41,3.88,7.5,0.47,1.53,0.81,0.15,0.19,3.8,20.36,8.98,4.64
"210","KEPL3","Máq. e Equip. Industriais",-0.34,7,1.2,1.26,5.16,27.03,16.71,12.61,1.47,-3.79,11.64,7.33,9.71,1.22,3.25,0.55,0.08,0.45,15.18,33.5,29.17,15.41
"211","KLBN11","Papel e Celulose",3.8,8.43,0.39,2.49,2.69,45.77,33.41,18.32,0.6,-0.9,3.06,4.62,8.42,1.54,3.59,0.83,-0.04,0.17,7.18,42.62,12.34,6.31
"212","KLBN3","Papel e Celulose",3.8,8.41,0.39,2.49,0.54,45.77,33.41,18.32,0.7,-1.04,3.54,5.35,9.75,1.79,4.15,0.83,-0.04,0.17,7.18,42.62,12.34,1.26
"213","KRSA3","Serv.Méd.Hospit..Análises e Diagnósticos",9.72,29.23,0.32,1.42,-0.08,25.57,10.53,-5.05,0.66,-0.88,8.77,19.52,-40.68,2.05,1.96,0.66,0.08,0.34,-1.62,-4.81,2.49,1.72
"214","LAND3","Agricultura",0.65,34.32,0.1,1.11,0.4,93.15,72.19,36.47,2.53,-2.79,276.36,33.88,67.06,24.46,3.66,0.31,18.78,0.69,3.77,5.46,6.86,7.23
"215","LAVV3","Incorporações",-2.63,3.34,0.35,3.17,0.85,41.64,28.98,29.17,0.6,-1.73,1.35,5.98,5.94,1.73,0.84,0.29,0.07,0.71,10.15,14.22,12.75,6
"216","LCAM3","Aluguel de carros",3.86,10.61,0.35,1.11,1.97,40.95,29.05,15.4,0.69,-0.9,31.93,6.78,12.79,1.97,2.61,0.73,0.08,0.27,5.42,20.37,9.83,9.68
"217","LEVE3","Automóveis e Motocicletas",-0.12,4.09,1.23,1.9,4.42,27.5,19.99,15.68,1.04,-2.28,4.03,4.23,5.39,0.84,1.79,0.42,0.02,0.58,19.27,33.13,29.02,13.33
"218","LIGT3","Energia Elétrica",6.59,9.78,0.53,1.39,1.07,16.25,7.67,2.67,0.13,-0.19,1.37,3.16,9.08,0.24,0.41,0.69,-0.21,0.31,1.41,4.56,2.81,23.44
"219","LIPR3","Energia Elétrica",-3.71,35.88,0,2.89,1.87,38.653743315508,13.1473726541555,11.3245576407507,3.27,-4.87,15.13,39.58,37.2,4.47507978723404,3.86,0.15,-0.73,0.85,8.78,10.37,9.71,18.08
"220","LJQQ3","Produtos Diversos",-0.45,9.99,0.76,1.62,0.36,39.04,8.06,3.35,0.64,-1.97,2.46,10.44,25.09,0.84,3.16,0.8,47.17,0.2,2.53,12.6,17.29,2.89
"221","LLIS3","Tecidos. Vestuário e Calçados",-2.49,-2.68,0.58,1.05,-11.68,52.2,-77.35,-91.83,0.09,-0.13,5.77,-0.19,-0.16,0.15,-0.25,1.35,0,-0.35,-52.86,-152.41,-59.06,-7.66
"222","LOGG3","Exploração de Imóveis",2.56,9,0.03,1.52,3.61,98.55,276.97,247.01,0.52,-0.61,10.11,6.45,7.23,17.85,0.8,0.35,0.04,0.65,7.15,11.04,8.17,32.7
"223","LOGN3","Transporte Hidroviário",3.6,16.04,0.57,1.97,0.92,20.75,17.65,6.98,1.26,-2.09,6.47,12.48,31.55,2.2,6.76,0.81,0.05,0.19,4,21.41,12.56,4.3
"224","LPSB3","Intermediação Imobiliária",-2.55,12.92,0.52,1.79,0.3,82.43,19.75,19.67,1.58,-2.48,9.79,15.44,15.5,3.05,3.57,0.56,-0.02,0.44,10.16,23,19.45,1.29
"225","LREN3","Tecidos. Vestuário e Calçados",-3.05,29.58,0.49,1.76,0.64,58.39,7.7,5.99,1.24,-3.56,4.39,32.5,41.78,2.5,2.7,0.54,-0.99,0.46,2.96,6.46,6.08,9.92
"226","LUPA3","Equipamentos e Serviços",-2.24,-5.17,0.19,2.71,-1.42,26.98,-52.42,-44.19,0.29,-0.53,0.99,-2.93,-3.48,1.54,0.99,0.71,0.01,0.29,-8.22,-28.5,-18.14,4.97
"227","LUXM3","Transporte Hidroviário",0.1,10.41,0.84,0.96,2.77,31.59,18.05,10.96,0,0,0,0,0,0,0,0.38,0,0.62,9.21,14.75,13.85,18.77
"228","LVTC3","Programas e Serviços",-0.29,6.74,0.71,1.51,1.12,27.65,12.61,6.79,0.64,-1.6,3.21,7.13,13.24,0.9,1.52,0.58,5.01,0.42,4.86,11.51,17.9,9.73
"229","LWSA3","Programas e Serviços",2.0000278551532,7.5174025974026,0.17,3.18,-0.03,45.55,0,-1.97,1.04,-1.96,3.21,6.33061855670103,-300.95,5.92,1.61,0.36,1.67,0.64,-0.34,-0.54,7.35713888888889,4.97
"230","MAPT3","Outros",0,-146.82,0,0,-0.19,38.653743315508,13.1473726541555,11.3245576407507,43.98,-43.98,-0.856847545219638,-192.09,-191.01,4.47507978723404,-5.74,8.66,-40.59,-7.66,-23.03,-3,2.99,-6.45
"231","MATD3","Serv.Méd.Hospit..Análises e Diagnósticos",-0.69,22,0.25,5.05,0.38,39.51,23.65,14.34,1.33,-2.33,3.88,22.47,37.08,5.32,3.23,0.59,1.91342036553525,0.41,3.59,8.72,6.03,4.4
"232","MBLY3","Produtos Diversos",1.04,-6.77,0.72,3.58,-0.8,39.79,-10.76,-11.76,0.6,-1.82,1.25,-7.77,-7.11,0.84,0.94,0.36,-0.06,0.64,-8.49,-13.23,-9.33,6.02
"233","MDIA3","Alimentos Diversos",0.49,22.39,0.73,3.34,1.49,28.18,5.08,6.46,0.81,-1.4,2.79,21.87,17.19,1.11,1.23,0.34,-0.51,0.66,4.74,7.18,3.06,20.74
"234","MDNE3","Incorporações",-0.96,8.18,0.23,1.85,0.98,36.43,10.04,13.39,0.21,-0.39,1.01,9.14,6.86,0.92,0.53,0.6,-0.04,0.4,3.08,7.74,4.04,12.62
"235","MEAL3","Restaurante e Similares",-85.06,-339.36,0.63,1.34,-0.28,31.78,-0.17,-4.34,0.27,-0.35,4.81,-248.09,-9.97,0.43,0.71,0.62,0.12,0.38,-2.73,-7.14,-0.4,3.93
"236","MEGA3","Energia Elétrica",2.0000278551532,7.5174025974026,0,1,0,38.653743315508,13.1473726541555,11.3245576407507,0.55,-0.64,-937.56,6.33061855670103,14.1330729166667,4.47507978723404,1.51,0.64,1.91342036553525,0.36,0,0,7.35713888888889,7.76
"237","MELK3","Incorporações",-6.37,7.72,0.4,2.54,0.4,23.97,7.89,10.75,0.44,-3.27,0.84,14.06,10.33,1.11,0.71,0.39,0.11,0.61,4.25,6.92,3.91,5.77
"238","MERC3","Soc. Crédito e Financiamento",2.0000278551532,40.2,0.16,4.47,0.73,78.11,16.84,27.29,1.5,-2.21,6.05,55.23,34.08,9.3,1.75,0.14,0.67,0.86,4.41,5.14,7.35713888888889,14.28
"239","MGEL3","Artefatos de Ferro e Aço",3.54,4.05,1.46,2.46,25.82,15.15,22.38,17.3,0.19,-0.42,0.57,0.57,0.74,0.13,-0.44,1.43,0,-0.43,25.3,-59.44,31.05,-43.44
"240","MGLU3","Eletrodomésticos",5.67,91.72,0.92,1.61,0.09,24.06,1.33,1.67,1.05,-2.92,4.38,86.05,68.56,1.15,3.6,0.71,1.35,0.29,1.54,5.25,-1.87,1.67
"241","MILS3","Serviços Diversos",-0.09,13.35,0.51,2.61,0.42,54.6,19.88,13.88,1.38,-2.05,6.76,13.59,19.46,2.7,1.83,0.25,-0.01,0.75,7.07,9.38,8.33,4.44
"242","MLAS3","Computadores e Equipamentos",-0.47,5.46,0.73,2.79,0.94,27.99,16.06,15.98,0.69,-4.71,1.26,5.9,5.93,0.95,1.15,0.4,0.08,0.6,11.6,19.33,15.44,4.89
"243","MMAQ3","Material de Transporte",-0.2,-0.18,2.41,2.47,870.17,10.43,7.66,5.39,0,0,0,0,0,0,0,0.33,0,0.67,12.97,19.25,16.85,7.22925064599483
"244","MMXM3","Minerais Metálicos",-538.27,-719.57,0,0.01,-6.46,38.653743315508,13.1473726541555,11.3245576407507,0.71,-0.75,-0.1,-181.31,-2.17,4.47507978723404,-0.11,7.6,0.03,-6.58,-32.75,-4.97,0.28,-129.88
"245","MNDL3","Acessórios",3.08,3.68,0.55,0.26,-230.88,36.6,13.82,-82.86,0.05,-0.07,-0.05,0.6,-0.1,0.08,-0.08,1.58,0,-0.58,-45.88,-79.09,-19.05,-291.91
"246","MNPR3","Carnes e Derivados",-0.01,0.94,1.2,0.25,4.76,25.05,17.37,10.57,0.2,-0.38,-0.14,0.95,1.56,0.16,-0.15,2.29,0.01,-1.29,12.65,-9.81,-13.57,-48.47
"247","MOAR3","Holdings Diversificadas",0.29,11.1,0,3.69,48.27,14.31,13.1473726541555,11.3245576407507,2.55,-4.25,8.76,10.81,9.3,4.47507978723404,5.96,0.57,0,0.43,27.42,64.06,25.46,75.36
"248","MODL11","Bancos",2.0000278551532,10.94,0.13,2.441227154047,0.48,83.52,23.85,12.7,0.34,-0.49,-0.856847545219638,10.94,20.55,2.61,1.83,0.82,0.06,0.18,1.63,8.9,7.35713888888889,5.43
"249","MODL3","Bancos",2.0000278551532,10.94,0.13,2.441227154047,0.16,83.52,23.85,12.7,0.39,-0.56,-0.856847545219638,12.57,23.61,3,2.1,0.82,0.07,0.18,1.63,8.9,7.35713888888889,1.81
"250","MOVI3","Aluguel de carros",4.19,8.19,0.25,2.44,2.26,44.75,31.26,15.37,0.31,-0.53,1.24,4.02,8.18,1.26,2.04,0.85,0.01,0.15,3.77,24.95,7.23,9.07
"251","MRFG3","Carnes e Derivados",1.79,2.87,1.78,1.14,6.28,20.14,14.77,5.08,0.28,-0.48,5.54,1.08,3.14,0.16,2.45,0.88,0.1,0.12,9.05,77.93,28.34,8.06
"252","MRVE3","Incorporações",3.75,8.48,0.35,2.4,1.67,25.86,16.03,11.31,0.27,-0.5,0.98,4.73,6.7,0.76,0.82,0.67,0.14,0.33,3.98,12.2,7.3,13.66
"253","MSPA3","Jornais. Livros e Revistas",-2.62,-13.13,0.1,1.8,-5.08,25.55,-20.97,-22.55,0.22,-0.24,5.41,-10.6,-9.85,2.22,0.39,0.43,0.24,0.57,-2.24,-3.95,-3.54,128.57
"254","MSRO3","Aluguel de carros",5.26,615.29,0.34,0.37,0.29,50.13,32.16,8,67.02,-81.93,-215.77,610.04,14.1330729166667,196.17,314.05,0.79,4.11,0.21,2.73,12.81,10.47,2.24
"255","MTIG3","Embalagens",2.0000278551532,7.5174025974026,0.87,0.58,-16.95,7.93,0.02,-5.51,0,0,0,0,0,0,0,1.44,0,-0.44,-4.8,-10.94,-9.87,-154.92
"256","MTRE3","Incorporações",-3.62,13.78,0.36,3.27,0.23,34.1,7.05,4.24,0.44,-1.9,0.83,17.38,28.92,1.23,0.71,0.37,-0.58,0.63,1.53,2.44,2.63,9.41
"257","MTSA3","Máq. e Equip. Construção e Agrícolas",0.04,6.01,1.24,2.58,5.82,27.99,13.13,9.14,1.25,-5.74,2.6,7.64,10.97,1,1.85,0.32,-1.56,0.68,11.37,16.84,13.82,34.57
"258","MULT3","Exploração de Imóveis",3.67,27.25,0.12,1.45,0.75,78.94,47.46,35.17,1.36,-1.59,30.34,23.67,31.94,11.23,2.27,0.4,-0.6,0.6,4.25,7.12,6.04,10.59
"259","MWET3","Material Rodoviário",3.01,4.69,1.09,0.91,63.08,15.85,7.54,53.17,0.17,-0.27,-4.36,2.04,0.29,0.15,-0.76,1.22,0,-0.22,57.99,-261.35,235.2,-24.14
"260","MYPK3","Automóveis e Motocicletas",3.47,4.91,0.94,1.33,3.49,12.45,9.36,3.92,0.13,-0.24,1.1,1.44,3.44,0.14,0.42,0.7,-0.02,0.3,3.7,12.21,9.58,28.61
"261","NEMO3","Papel e Celulose",3.22,3.22,0.34,2.95,13.59,49.68,44.37,5.73,0,0,0,0,0,0,0,0.87,0,0.13,1.97,15.43,18.96,88.08
"262","NEOE3","Energia Elétrica",4.19,6.87,0.5,1.09,3.23,25.26,18.24,9.09,0.25,-0.33,11.47,2.68,5.38,0.49,0.87,0.72,0.14,0.28,4.57,16.19,10.1,19.97
"263","NGRD3","Programas e Serviços",-8.67,13.64,0.32,2.94,0.06,66.53,10.37,5.95,0.73,-1.44,2.28,22.22,38.72,2.3,1.21,0.39,2.13,0.61,1.9,3.12,2.97,1.96
"264","NINJ3","Programas e Serviços",5.63,1.59,0.2,15.13,-0.82,91.83,-83.43,-65.67,0.69,-38.32,0.75,-4.04,-5.13,3.37,0.73,0.06,0,0.94,-13.37,-14.3,-18.17,5.71
"265","NORD3","Máq. e Equip. Industriais",-49.08,-133.93,0.11,0.03,-1.16,90.73,-38.84,-386.85,3.7,-4.04,-1.42,-84.85,-8.52,32.96,-0.44,9.36,-0.01,-8.36,-43.48,-5.2,0.7,-22.3
"266","NRTQ3","Medicamentos e Outros Produtos",0,0,0.97,4.08,3.03,29.39,17.02,13.79,0,0,0,0,0,0,0,0.31,0,0.69,13.41,19.53,17.04,15.5
"267","NTCO3","Produtos de Uso Pessoal",6.02,37.47,0.66,1.27,0.76,65.11,2.78,2.61,0.58,-0.82,9.35,31.39,33.49,0.87,1.23,0.53,-0.13,0.47,1.73,3.67,0.17,20.7
"268","NUTR3","Fertilizantes e Defensivos",0.94,3.63,1.58,2.24,52.3,15.98,9.26,5.21,0.39,-1.06,1.13,2.69,4.78,0.25,1.39,0.72,0.05,0.28,8.22,29.15,27.86,179.41
"269","ODPV3","Serv.Méd.Hospit..Análises e Diagnósticos",-0.65,11.17,0.95,0.98,0.67,60.3,27.57,20.64,3.1,-4.44,-644.93,11.82,15.78,3.26,5.35,0.42,2.96,0.58,19.67,33.92,30.51,1.97
"270","OFSA3","Medicamentos e Outros Produtos",1.57,10.46,0.71,2.97,2.11,49.41,15.59,12.59,0.99,-2.71,2.59,8.89,11.01,1.39,1.96,0.43,0.41,0.51,8.97,17.77,12.64,11.89
"271","OIBR3","Telecomunicações",-13.83,-16.58,0.03,1.97,-0.81,26.16,-101.51,-268.61,0.07,-0.19,0.25,-2.76,-1.04,2.8,5.29,0.99,0.02,0.01,-7.12,-506.67,-17.09,0.16
"272","ONCO3","Serv.Méd.Hospit..Análises e Diagnósticos",2.35,31.78,0.45,2.41,-0.09,32.15,6.56,-1.74,0.86,-1.63,3.07,29.13,-110.06,1.91,2.24,0.62,1.57,0.38,-0.78,-2.03,1.95,4.65
"273","OPCT3","Transporte Hidroviário",23.13,39.52,0.36,2.2,-0.24,17.79,3.53,-5.37,0.2,-0.31,1.13,16.32,-10.72,0.58,0.57,0.64,-0.1,0.36,-1.91,-5.28,1.04,4.49
"274","ORVR3","Água e Saneamento",6.94,33.85,0.36,3.19,-0.87,41.08,18.3,-14.24,1.81,-3.63,5.29,27.47,-35.28,5.03,5.92,0.69,0.08,0.31,-5.14,-16.79,4.72,5.17
"275","OSXB3","Equipamentos e Serviços",5.7,5.72,0.01,0.02,38.93,90.15,13.1473726541555,464.14,0.01,-0.01,-0.04,0.03,0.18,0.83,0,3.39,0,-2.39,5.49,-2.3,-90.9,7.22925064599483
"276","PARD3","Serv.Méd.Hospit..Análises e Diagnósticos",0.18,6.74,0.86,1.05,1.63,31.01,18.08,10.75,1.01,-1.51,69.2,6.53,10.98,1.18,2.69,0.62,0.16,0.38,9.24,24.46,23.04,6.67
"277","PATI3","Artefatos de Ferro e Aço",0.36,4.65,1.34,3.26,12.26,17.97,15.58,10.99,0.9,-6.67,1.5,4.32,6.12,0.67,2.1,0.57,0.1,0.43,14.73,34.34,16.67,35.7
"278","PCAR3","Alimentos",0.46,4.26,1.04,1.08,2.98,25.25,3.29,1.56,0.13,-0.2,4.86,3.8,8.01,0.13,0.39,0.67,-0.13,0.33,1.62,4.9,4.31,60.8
"279","PDGR3","Incorporações",-2.91,-3.16,0.34,0.34,-2.27,19.23,-81.42,-29.39,0.07,-0.32,-0.04,-0.25,-0.69,0.2,-0.02,5.09,0.01,-4.09,-9.98,-2.44,8.85,-92.85
"280","PDTC3","Serviços Financeiros Diversos",0.37,7.47,0.8,1.9,0.33,35.67,16.1,7.43,0.91,-3.8,2.53,7.07,15.32,1.14,3.05,0.7,0.32,0.3,5.94,19.91,19.72,1.64
"281","PEAB3","Holdings Diversificadas",-1.52,3.62,0.04,16.04,10.52,61.75,562.89,450.72,1.05,-1.84,2.62,4.72,5.9,26.58,1.2,0.13,-0.08,0.87,17.82,20.42,17.81,51.5
"282","PETR3","Exploração. Refino e Distribuição",1.26,3.31,0.47,1.25,8.18,48.52,46.58,23.56,0.46,-0.56,13.55,2.14,4.23,1,1.16,0.6,0,0.4,10.96,27.38,23.21,29.87
"283","PETZ3","Produtos Diversos",-2.85,43.2,0.61,1.95,0.16,48.29,7.73,3.58,2.17,-3.58,11.26,46.05,99.54,3.56,4.25,0.49,3.49,0.51,2.18,4.27,7.17,3.83
"284","PFRM3","Medicamentos e Outros Produtos",2.83,6.87,1.59,1.5,0.63,14.15,2.04,1.22,0.13,-0.37,0.61,4.05,6.78,0.08,0.36,0.63,0.14,0.37,1.94,5.3,4.93,11.92
"285","PGMN3","Medicamentos e Outros Produtos",1.43,11.53,1.15,1.6,0.37,32.15,4.97,2.18,0.57,-1.23,2.85,10.06,22.88,0.5,1.8,0.68,1.74,0.32,2.5,7.87,11.13,4.71
"286","PINE3","Bancos",2.0000278551532,-16.71,0.06,0.58,0.04,16.63,-0.64,0.59,0,0,0,0,0,0,0,0.95,0,0.05,0.04,0.76,7.35713888888889,5.26
"287","PLAS3","Automóveis e Motocicletas",-4.46,-7.19,0.99,0.44,-9.84,7.56,-6.67,-19.95,0.18,-0.27,-0.43,-2.73,-0.91,0.18,-0.36,1.5,-0.2,-0.5,-19.76,-39.25,35.02,-25.07
"288","PLPL3","Incorporações",0.7,4.38,1,4.78,0.66,31.21,12.88,10.63,0.47,-4.81,0.66,3.65,4.43,0.47,1.89,0.75,2.03,0.25,10.65,42.58,18.94,1.55
"289","PMAM3","Artefatos de Cobre",-9.74,-10.82,1.54,0.96,-18.46,-0.14,-6.95,-16.99,0.11,-0.18,-8.58,-1.07,-0.44,0.07,-0.37,1.31,0.06,-0.31,-26.12,-83.97,-14.69,-21.98
"290","PNVL3","Medicamentos e Outros Produtos",4.74,22.91,1.35,1.71,0.53,30.65,3.15,2.46,0.77,-1.87,3.18,18.14,23.19,0.57,1.76,0.56,0.56,0.44,3.34,7.59,5.63,6.96
"291","POMO3","Material Rodoviário",4.38,14.93,0.53,1.66,0.39,10.18,6.52,10.48,0.33,-0.67,1.65,9.72,6.04,0.63,0.75,0.56,0.02,0.44,5.51,12.4,3.86,3.12
"292","PORT3","Serviços de Apoio e Armazenagem",4.26,12.34,0.37,1.19,2.95,45.5,24.67,10.06,0.74,-0.88,29.72,8.05,19.74,1.99,1.8,0.59,0.22,0.41,3.76,9.13,7.59,32.25
"293","POSI3","Computadores e Equipamentos",1.79,5.76,0.9,1.61,1.41,22.84,9.01,5.95,0.32,-1.91,1.02,3.99,6.05,0.36,1.02,0.69,1.24,0.31,5.33,16.95,14.3,8.33
"294","PPAR3","Outros",15.1,8.13,0,2.441227154047,-0.27,38.653743315508,13.1473726541555,11.3245576407507,0.01,-0.01,0.44,-6.97,-54.02,4.47507978723404,0.02,0.29,0.68,0.71,-0.03,-0.04,-0.29,724.23
"295","PPLA11","Gestão de Recursos e Investimentos",2.0000278551532,7.5174025974026,0,2.441227154047,-0.01,38.653743315508,13.1473726541555,11.3245576407507,37.91,-37.91,-0.856847545219638,6.33061855670103,14.1330729166667,4.47507978723404,3.61181585677749,0.98,10.26,0.02,-3.72,-190.91,7.35713888888889,0
"296","PRIO3","Exploração. Refino e Distribuição",-0.35,9.91,0.36,5.62,1.51,57.16,48.26,30.32,1.78,-3.56,4.34,10.27,16.35,4.96,3.29,0.46,0.08,0.54,10.91,20.14,18.58,7.5
"297","PRNR3","Serviços Diversos",-0.47,12.84,1.16,1.99,0.37,16.27,4.73,3.35,0.73,-1.68,2.57,13.27,18.76,0.63,1.19,0.39,-0.02,0.61,3.87,6.33,6.35,5.89
"298","PSSA3","Seguradoras",-7.12,3.74,0.51,1.09,2.39,100,5.88,7.28,0.33,-0.95,5.76,10.86,8.77,0.64,1.45,0.78,-1.03,0.22,3.71,16.49,11.49,14.48
"299","PTBL3","Produtos para Construção",1.98,6.32,0.89,1.27,1.53,43.25,15.1,11.31,0.58,-1,6.48,4.31,5.76,0.65,3.5,0.83,0.08,0.17,10.02,60.7,24.63,2.53
"300","PTCA11","Máq. e Equip. Industriais",1.22,1.22,1.01,1.52,5.33,45.17,16.98,11.16,0,0,0,0,0,0,0,0.64,0,0.36,11.25,31.12,19.02,17.14
"301","PTCA3","Máq. e Equip. Industriais",1.22,1.22,1.01,1.52,5.33,45.17,16.98,11.16,0,0,0,0,0,0,0,0.64,0,0.36,11.25,31.12,19.02,17.14
"302","PTNT3","Fios e Tecidos",1.48,5.98,1,1.87,1.03,17.42,11.04,6.43,0.78,-1.62,3.25,7.09,12.18,0.78,1.77,0.46,0.01,0.44,6.42,14.55,11.77,7.1
"303","QUAL3","Serv.Méd.Hospit..Análises e Diagnósticos",2.31,8.66,0.48,0.48,1.29,79.69,30.37,17.45,0.92,-1.29,-2.96,6.37,11.09,1.93,3.18,0.71,-1.65,0.29,8.31,28.69,13.13,4.49
"304","QUSW3","Programas e Serviços",0.74,0.74,1.21,1.25,12.43,27.56,13.07,7.38,0,0,0,0,0,0,0,0.51,0,0.49,8.94,18.3,16.75,67.9
"305","RADL3","Medicamentos e Outros Produtos",0.84,27.81,1.63,1.31,0.46,29.87,5.66,3.12,2.48,-5.2,20.13,26.85,48.79,1.52,7.78,0.68,0.88,0.32,5.09,15.93,18.37,2.86
"306","RAIL3","Transporte Ferroviário",7.72,30.39,0.15,2.79,0.08,28.06,20.43,2.02,0.71,-0.95,4.3,22.46,226.75,4.59,2.27,0.69,-4.6,0.31,0.31,1,4.19,8.1
"307","RANI3","Papel e Celulose",0.89,4.63,0.68,2.78,1.11,39.36,27.14,17.77,0.7,-1.17,2.68,3.78,5.77,1.02,1.72,0.6,0.03,0.4,12.06,29.8,17.89,3.73
"308","RAPT3","Material Rodoviário",1.65,4.67,0.84,1.66,2.12,25.04,12.15,7.7,0.29,-0.76,1.21,2.86,4.51,0.35,0.96,0.69,0.9,0.31,6.51,21.31,13.54,9.94
"309","RCSL3","Material Rodoviário",-5.43,153.51,0.9,1.15,-0.02,13.47,1.4,-2.75,3.71,-7.68,55,295.27,-150.26,4.12,-5.97,1.62,-7.63,-0.62,-2.47,-3.97,-2.02,-0.54
"310","RDNI3","Incorporações",23.77,41.95,0.24,2.03,0.19,24.9,4.19,1.79,0.19,-0.36,0.75,18.17,42.55,0.76,0.56,0.67,0.09,0.33,0.44,1.33,0.51,14.58
"311","RDOR3","Serv.Méd.Hospit..Análises e Diagnósticos",4.11,27.46,0.39,4.25,0.78,23.6,18,7.73,1.62,-2.78,5.09,23.21,54.05,4.18,5.8,0.72,0.2,0.28,3,10.73,7.83,7.3
"312","RECV3","Exploração. Refino e Distribuição",-0.22,21.61,0.22,0.83,0.71,35.82,27.35,17,1.32,-1.69,-29.34,21.83,35.12,5.97,3.32,0.6,1.91342036553525,0.4,3.75,9.45,8.72,7.53
"313","REDE3","Energia Elétrica",2.66,7.03,0.63,1.36,0.72,25.39,20.39,9.73,0.55,-0.78,6.98,4.24,8.89,0.87,2.55,0.79,0.13,0.21,6.16,28.71,17.08,2.51
"314","RENT3","Aluguel de carros",2.3,15.76,0.43,1.39,2.69,43.1,29.57,18.75,1.71,-2.36,22.15,13.45,21.22,3.98,5.69,0.7,0.22,0.3,8.07,26.83,11.79,10.04
"315","RNEW11","Energia Elétrica",2.67,3.27,0.04,1.01,0.84,13.83,334.4,32.71,0.08,-0.12,20.61,0.6,6.12,2,-0.29,1.29,0.17,-0.29,1.35,-4.68,56.84,-17.96
"316","RNEW3","Energia Elétrica",2.67,3.27,0.04,1.01,0.28,13.83,334.4,32.71,0.09,-0.13,22.09,0.64,6.56,2.15,-0.31,1.29,0.18,-0.29,1.35,-4.68,56.84,-5.99
"317","ROMI3","Máq. e Equip. Industriais",1.93,6.55,0.71,2.02,2.78,32.29,15.29,14.73,0.5,-1.24,1.66,4.62,4.8,0.71,1.01,0.51,0.29,0.49,10.43,21.12,13.08,13.16
"318","RPAD3","Bancos",-3.86,29.26,0,7.26,0.23,38.653743315508,13.1473726541555,11.3245576407507,0.52,-0.55,8.92,30.07,27.95,4.47507978723404,0.52,0.01,-0.65,0.99,1.85,1.86,1.73,12.27
"319","RPMG3","Exploração. Refino e Distribuição",0,-0.66,0.53,0.55,-5.35,-2.78,-13.07,-16.36,0.05,-0.69,-0.06,-0.66,-0.52,0.09,-0.05,1.85,0.04,-0.85,-8.62,-10.18,8.13,-52.53
"320","RRRP3","Exploração. Refino e Distribuição",-5.93,15.5,0.13,4.79,0,56.1,57.03,-0.12,1.65,-3.28,4.18,21.62,14.1330729166667,12.33,2.15,0.23,99.51,0.77,-0.02,-0.02,8.39,20.61
"321","RSID3","Incorporações",-2.2,-2.71,0.05,0.27,-9.53,-23.02,-454.57,-320.93,0.11,-0.17,-0.12,-0.52,-0.73,2.35,-0.19,1.57,0,-0.57,-15.05,-26.31,255.28,-36.23
"322","RSUL3","Material Rodoviário",-0.09,2.55,1.14,1.66,15.23,37.27,21.15,27.48,0,0,0,0,0,0,0,0.72,0,0.28,31.26,110.96,56.62,13.73
"323","SANB11","Bancos",2.0000278551532,6.16,0.09,0.23,4,36.4,23.7,16.75,0.13,-0.15,-0.29,6.14,8.69,1.46,1.2,0.89,1.27,0.11,1.53,13.75,7.35713888888889,29.08
"324","SANB3","Bancos",2.0000278551532,6.16,0.09,0.23,2,36.4,23.7,16.75,0.13,-0.15,-0.28,5.87,8.31,1.39,1.14,0.89,1.22,0.11,1.53,13.75,7.35713888888889,14.54
"325","SAPR11","Água e Saneamento",1.67,4.94,0.36,1.48,3.9,60.6,36.1,22.63,0.42,-0.49,9.13,3.28,5.23,1.18,0.79,0.47,0.29,0.53,8.04,15.05,12.16,25.89
"326","SAPR3","Água e Saneamento",1.67,4.94,0.36,1.48,0.78,60.6,36.1,22.63,0.41,-0.48,8.94,3.21,5.12,1.16,0.77,0.47,0.28,0.53,8.04,15.05,12.16,5.18
"327","SBFG3","Produtos Diversos",3.9,19.65,0.72,1.67,2.05,46.02,7.87,9.74,0.89,-1.8,4.37,15.8,12.77,1.24,2.86,0.69,-0.02,0.31,6.97,22.38,2.64,9.16
"328","SBSP3","Água e Saneamento",3.56,11.92,0.37,1.28,3.37,34.33,21.02,11.83,0.64,-0.73,24.29,8.36,14.85,1.76,1.37,0.53,0.11,0.47,4.34,9.25,7.58,36.48
"329","SCAR3","Exploração de Imóveis",10.85,24.56,0.08,0.55,0.6,81.36,54.07,11.96,0.62,-0.68,-8.79,13.71,61.94,7.41,1.35,0.54,-1.02,0.46,1,2.19,3.93,27.31
"330","SEER3","Serviços Educacionais",0.82,8.49,0.46,1.38,0.41,54.1,12.61,3.73,0.44,-0.57,6.82,7.62,25.78,0.96,0.92,0.53,-0.38,0.47,1.7,3.59,9.02,11.37
"331","SEQL3","Logística",10.4,40.08,0.77,1.25,-0.13,17.52,3.16,-1.17,0.71,-1.06,11.16,29.48,-79.19,0.93,2.35,0.7,0.22,0.3,-0.9,-2.97,3.02,4.29
"332","SGPS3","Fios e Tecidos",7.08,9.32,0.54,0.96,-3.07,35.5,6.46,-8.93,0.08,-0.15,-3.85,2.24,-1.62,0.15,0.25,0.69,0.03,0.31,-4.8,-15.51,5.53,19.81
"333","SHOW3","Produção de Eventos e Shows",1.64,-3.37,0.06,1.22,-0.95,28.99,-179.23,-204.67,0.52,-1.35,4.65,-5.03,-4.41,9.02,2.09,0.75,0.11,0.25,-11.84,-47.45,-21.78,2
"334","SHUL3","Motores . Compressores e Outros",2,76.92,0.78,2.96,0.54,22.24,14.1,11.3,18.34,-53.04,42.3,166.28,207.49,23.44,44.01,0.58,5.78,0.42,8.84,21.21,12.49,2.54
"335","SIMH3","Holdings Diversificadas",5.02,7.91,0.29,3.3,0.98,32.34,22.58,5.93,0.19,-0.37,0.55,2.88,10.95,0.65,1.55,0.88,0.06,0.12,1.71,14.12,6.33,6.96
"336","SLCE3","Agricultura",1.28,6.63,0.49,1.33,5,35.54,30.25,16.79,0.79,-1.32,8,5.34,9.62,1.62,2.71,0.71,0.08,0.29,8.25,28.13,23.31,17.78
"337","SLED3","Produtos Diversos",29.27,31.28,0.36,0.5,25.5,39.77,9.76,51.98,0.11,-0.16,-0.31,3.01,0.56,0.29,-0.05,3.02,-0.01,-2.02,18.73,-9.26,-3.66,-275.38
"338","SMFT3","Atividades Esportivas",0.36,-30.82,0.15,2.92,-1.08,6.67,-21.06,-37.18,0.99,-1.55,4.23,-32.22,-18.25,6.79,2.62,0.62,-3.04,0.38,-5.44,-14.33,-4.75,7.56
"339","SMTO3","Açucar e Alcool",3.14,13.2,0.35,2.21,2.93,39.91,32,20.47,1.13,-1.67,6.43,10.06,15.73,3.22,3.37,0.66,1.4,0.34,7.21,21.44,11.67,13.68
"340","SNSY3","Materiais Diversos",-17.8,-32.24,1.66,0.83,-14.62,18.71,-0.87,-15.14,0.17,-0.42,-1.4,-11.85,-0.68,0.1,-0.05,4.32,0.04,-3.32,-25.07,-7.55,0.5,-193.58
"341","SOJA3","Agricultura",-0.96,9.64,1.09,3.19,1.09,16.35,13.7,12.24,1.58,-6.93,2.98,10.54,11.79,1.44,2.31,0.32,0.14,0.68,13.38,19.58,16.92,5.57
"342","SOMA3","Tecidos. Vestuário e Calçados",4.19,57.51,0.28,2.21,0.38,57.97,7.15,10.74,1.06,-1.47,6.93,53.24,35.47,3.81,1.49,0.29,-0.07,0.71,3,4.2,0.97,9.11
"343","SOND3","Engenharia Consultiva",-2.16,5.57,0.85,2.5,5.61,35.77,17.66,16.79,1.03,-2.11,3.33,6.81,7.16,1.2,1.5,0.32,-0.21,0.68,14.33,20.96,15.74,26.78
"344","SQIA3","Programas e Serviços",-13.8,57.78,0.28,4.67,0.24,38.22,6.33,5.95,1.27,-2.47,3.34,71.51,76.05,4.53,2.04,0.37,0.24,0.62,1.67,2.68,1.91,8.9
"345","STBP3","Serviços de Apoio e Armazenagem",-1.78,15.12,0.32,2.37,0.31,39.91,24.56,17.71,1.33,-1.86,8.22,16.83,23.34,4.13,2.9,0.54,-0.01,0.46,5.72,12.42,11.19,2.53
"346","STKF3","Atividades Esportivas",3.28,3.28,0.16,0.72,0.4,63.57,42.28,32.5,0,0,0,0,0,0,0,0.4,0,0.6,5.35,8.88,6.95,4.55
"347","STTR3","Máq. e Equip. Construção e Agrícolas",-0.22,-0.22,1.27,2.46,0.94,31.37,17.25,14.11,0,0,0,0,0,0,0,0.44,0,0.56,17.86,32.1,25.38,2.91
"348","SULA11","Seguradoras",51.26,5.74,0.7,2.24,0.78,6.37,-1.38,1.63,0.44,-1.36,1.17,-45.51,38.34,0.63,1.57,0.72,-0.45,0.28,1.14,4.09,-5.38,19.11
"349","SULA3","Seguradoras",51.26,5.74,0.7,2.24,0.26,6.37,-1.38,1.63,0.46,-1.41,1.21,-47.29,39.84,0.65,1.63,0.72,-0.46,0.28,1.14,4.09,-5.38,6.37
"350","SUZB3","Papel e Celulose",3.22,7.22,0.34,2.95,6.34,49.68,44.38,21.06,0.61,-0.85,3.22,3.99,8.41,1.77,4.78,0.87,-0.05,0.13,7.25,56.85,18.97,11.15
"351","SYNE3","Exploração de Imóveis",0.53,1.09,0.47,2.78,8.43,72.2,70.87,55.79,0.19,-0.23,1.56,0.56,0.71,0.4,0.33,0.43,0,0.57,26.3,46.38,35.25,18.18
"352","TAEE11","Energia Elétrica",1.87,6.3,0.22,1.51,6.43,81.31,98.94,63.76,0.96,-1.11,21.28,4.45,6.9,4.4,2.29,0.58,-3.17,0.42,13.93,33.12,22.42,19.4
"353","TAEE3","Energia Elétrica",1.87,6.3,0.22,1.51,2.14,81.31,98.94,63.76,0.96,-1.11,21.32,4.46,6.91,4.41,2.29,0.58,-3.18,0.42,13.93,33.12,22.42,6.47
"354","TASA3","Armas e Munições",0.45,3.42,1.31,1.3,5.38,48.09,35.53,23.17,1.39,-4.55,8.63,2.98,4.57,1.06,3.83,0.64,0.03,0.36,30.33,83.89,48.93,6.41
"355","TCNO3","Engenharia Consultiva",-53.35,-68.66,0,0.29,-0.08,38.653743315508,13.1473726541555,11.3245576407507,0.05,-0.06,-0.11,-17.33,-21.01,4.47507978723404,-19.01,1,0.81,0,-0.22,-90.48,-1.91,-0.09
"356","TCSA3","Incorporações",-3.02,-4.86,0.09,3.14,-2.51,5.61,-87.53,-126.21,0.15,-0.3,0.45,-1.84,-1.28,1.61,0.36,0.58,-0.11,0.42,-11.87,-27.94,-10.84,8.98
"357","TECN3","Acessórios",0.72,5.01,0.49,3.83,0.36,52.54,16.11,8.93,0.34,-0.97,0.7,4.29,7.74,0.69,0.66,0.49,-0.04,0.51,4.37,8.53,9.32,4.19
"358","TEKA3","Fios e Tecidos",22.03,22.32,0.21,0.04,-159.23,19.31,11.12,-35.13,0.01,-0.01,-0.01,0.52,-0.16,0.06,-0.01,2.66,0.01,-1.66,-7.55,-4.56,-1.89,7.22925064599483
"359","TELB3","Telecomunicações",13.24,-26.8,0.07,4.5,-1.87,-80.49,-23.43,-44.4,0.79,-1.23,2.87,-48.67,-25.69,11.4,2.28,0.65,-1.32,0.35,-3.09,-8.86,-4.08,21.08
"360","TEND3","Incorporações",-3.67,-11.61,0.57,2.2,-1.84,17.77,-3.56,-7.54,0.16,-0.44,0.47,-7.94,-3.75,0.28,0.59,0.73,0.02,0.27,-4.31,-15.79,-5.23,11.62
"361","TGMA3","Transporte Rodoviário",0.4,7.96,0.96,2.31,1.64,18.66,12.65,10.73,0.92,-1.78,3.34,7.53,8.87,0.95,1.41,0.35,0.19,0.65,10.35,15.87,12.59,10.32
"362","TIMS3","Telecomunicações",0.64,9.43,0.36,1.45,1.22,53.25,20.8,16.38,0.66,-0.96,6.91,8.81,11.19,1.83,1.32,0.5,0.19,0.5,5.94,11.78,9.67,10.37
"363","TKNO3","Artefatos de Ferro e Aço",-0.35,2.44,0.93,2.43,22.41,26.57,23.35,21.2,0.61,-1.55,1.71,2.82,3.11,0.66,0.86,0.29,0.01,0.71,19.63,27.81,23.01,80.6
"364","TOTS3","Programas e Serviços",-2.76,39.95,0.33,1.65,0.6,68.31,15.73,11.31,2.2,-4.91,10.1,42.71,59.41,6.72,4.88,0.55,2.38,0.45,3.71,8.21,6.68,7.27
"365","TPIS3","Exploração de Rodovias",35.28,42.03,0.33,0.31,0.06,12.77,4.36,1.01,0.1,-0.1,-0.82,6.71,29.02,0.29,0.34,0.71,-0.31,0.29,0.33,1.16,0.35,5.19
"366","TRAD3","Programas e Serviços",11.58,-32.12,0.14,11.99,0,61.12,-29.27,1.31,1.81,-3.91,3.69,-43.7,975.56,12.79,1.91,0.05,-10.74,0.95,0.19,0.2,-7.28,2.18
"367","TRIS3","Incorporações",1.61,6.78,0.33,3.51,0.65,36.67,20.49,15.57,0.35,-1.07,0.73,5.18,6.81,1.06,0.65,0.46,-0.23,0.54,5.15,9.48,7.38,6.81
"368","TRPL3","Energia Elétrica",1.42,5.79,0.19,3.05,4.58,74.48,80.18,54.55,0.77,-0.89,8.87,5.03,7.4,4.04,1.51,0.49,-0.73,0.51,10.42,20.41,16.52,22.45
"369","TTEN3","Agricultura",-0.82,11.61,1.21,1.83,0.87,13.13,6.62,8.06,1,-4.22,2.89,12.43,10.22,0.82,1.97,0.49,0.14,0.51,9.79,19.24,9.98,4.51
"370","TUPY3","Material Rodoviário",3.08,8.63,0.94,1.92,1.42,15.87,6.15,2.88,0.32,-0.83,1.1,5.55,11.83,0.34,0.88,0.63,-0.03,0.37,2.72,7.42,6.53,19.1
"371","TXRX3","Fios e Tecidos",8.89,10.79,0.77,0.32,-5.12,34.48,19.25,-13.44,0.56,-1,-0.6,3.78,-5.41,0.73,-0.35,2.58,-0.25,-1.58,-10.36,-6.56,-57.19,-77.94
"372","UCAS3","Móveis",-2.3,5.28,0.77,1.57,0.39,36.3,13.67,11.76,0.79,-1.8,3.9,7.58,8.82,1.04,1.36,0.42,0.12,0.58,9.01,15.46,11.63,2.54
"373","UGPA3","Exploração. Refino e Distribuição",7.71,17.11,2.81,1.98,0.76,4.47,1.61,0.78,0.43,-1.19,1.35,9.42,19.6,0.15,1.59,0.73,-4.08,0.27,2.18,8.12,5.61,9.39
"374","UNIP3","Químicos Diversos",-0.05,3.06,1.01,1.58,21.02,44.56,46.82,31.56,1.41,-2.58,8.39,2.98,4.43,1.4,3.78,0.63,0.01,0.37,31.77,85.5,50.39,24.58
"375","USIM3","Siderurgia",-0.06,1.29,0.85,3.16,7.24,33.42,34.06,26.89,0.38,-0.77,1.1,1.31,1.66,0.45,0.62,0.38,0,0.62,22.97,37.24,30.05,19.44
"376","VALE3","Minerais Metálicos",0.07,3.32,0.59,1.47,24.25,60.05,48.15,41.3,0.92,-1.22,11.47,3.24,3.78,1.56,2.33,0.61,0.01,0.39,24.29,61.52,42.35,39.42
"377","VAMO3","Máq. e Equip. Construção e Agrícolas",3,19.34,0.28,4.09,0.41,36.59,26.69,14.25,1.22,-2.33,3.36,16.43,30.76,4.38,4.69,0.74,0.25,0.26,3.95,15.24,6.6,2.7
"378","VBBR3","Exploração. Refino e Distribuição",3.92,14.03,3.84,2.42,2.14,5.27,2,1.92,0.78,-1.63,2.53,10.1,10.54,0.2,2.14,0.64,-0.29,0.36,7.37,20.29,7.38,10.56
"379","VIIA3","Eletrodomésticos",-22.28,-38.26,0.87,0.99,-0.19,30.19,-1.11,-0.96,0.16,-0.33,-25.82,-16.03,-18.51,0.18,0.98,0.84,0.14,0.16,-0.84,-5.27,-10.66,3.53
"380","VITT3","Fertilizantes e Defensivos",1.12,13.27,0.92,1.95,0.75,36.49,18.34,13.75,2.04,-7.09,5.89,12.11,16.15,2.22,3.56,0.43,0.52,0.57,12.66,22.05,16,3.4
"381","VIVA3","Acessórios",-0.6,21.44,0.57,2.35,1.26,67.61,20.1,20.36,2.53,-6.62,7.15,22.04,21.76,4.43,4.66,0.46,0.21,0.54,11.64,21.43,15.4,5.9
"382","VIVR3","Incorporações",-2.96,-5.85,0.21,0.45,-0.4,18.54,-73.49,-84.63,0.44,-0.87,-0.73,-2.89,-2.51,2.12,-0.72,1.61,0.04,-0.61,-17.51,-28.62,-492.25,-1.41
"383","VIVT3","Telecomunicações",1.48,14.15,0.38,0.94,3.72,43.72,16.09,14.17,0.78,-0.95,-64.39,12.72,14.44,2.05,1.29,0.39,0.47,0.61,5.39,8.91,7.84,41.75
"384","VLID3","Serviços Diversos",6.12,11.63,0.71,1.55,0.72,23.45,6.18,2.72,0.24,-0.42,1.59,5.54,12.6,0.34,0.58,0.58,-0.1,0.42,1.93,4.57,4.9,15.84
"385","VSPT3","Transporte Ferroviário",0.83,-2.22,0.34,0.49,-2.92,5.1,-8.09,-14.43,0.08,-0.09,-1.14,-3.05,-1.71,0.25,0.16,0.47,-0.01,0.53,-4.89,-9.21,-6.16,31.68
"386","VULC3","Calçados",0.76,8.22,0.94,2.63,1.28,35.32,17.44,16.81,1.22,-3.49,3.02,7.45,7.73,1.3,1.79,0.32,0.01,0.68,15.73,23.13,17.54,5.52
"387","VVEO3","Serv.Méd.Hospit..Análises e Diagnósticos",-0.16,9.1,0.9,2.16,1.38,17.65,7.92,6.35,0.66,-1.97,1.85,9.26,11.53,0.73,2.12,0.69,0.05,0.31,5.73,18.37,11.19,7.52
"388","WEGE3","Motores . Compressores e Outros",-0.34,32.14,0.98,2.01,0.85,29.54,17.65,15.22,5.64,-16.9,16.83,32.45,37.63,5.73,9.63,0.41,0.71,0.59,14.98,25.59,22.06,3.34
"389","WEST3","Produtos Diversos",3.62,-1.56,0.64,4.82,-0.38,43.59,-20.36,-13.43,0.67,-2.39,1.18,-5.17,-7.84,1.05,0.87,0.23,0.02,0.77,-8.59,-11.08,-18.36,3.45
"390","WHRL3","Eletrodomésticos",-0.45,7.7,1.24,1.07,0.65,17.71,9.64,8.61,0.97,-4.04,20.7,8.08,9.04,0.78,4.2,0.77,0.24,0.23,10.7,46.46,27.59,1.4
"391","WIZS3","Corretoras de Seguros",-0.64,3.17,0.38,0.69,1.18,61.48,42.7,23.02,0.61,-0.81,-5.56,3.81,7.08,1.63,1.65,0.63,-2.06,0.37,8.65,23.27,23.12,5.05
"392","WLMM3","Material de Transporte",-1.12,7.67,2.78,4.39,2.9,12.94,7.32,5.69,1.74,-3.33,4.73,8.55,11.01,0.63,2.15,0.19,0.12,0.81,15.83,19.49,17.63,14.9
"393","YDUQ3","Serviços Educacionais",6.76,16.61,0.44,1.59,0.51,54.4,12.45,3.6,0.54,-0.78,4.85,9.83,33.96,1.22,1.66,0.67,0.56,0.33,1.6,4.88,5.7,10.49
